unitid,ipeds_name,state,carnegie,ipeds_uei,awards_uei,awards_name,awards_count,awards_total_m,match_type,note
100654,Alabama A & M University,AL,18,JDVGS67MSLH7,JDVGS67MSLH7,ALABAMA A & M UNIVERSITY,235,397.8,direct,
100663,University of Alabama at Birmingham,AL,15,YND4PLMC9AN7,YND4PLMC9AN7,UNIVERSITY OF ALABAMA AT BIRMINGHAM,1697,2373.1,direct,
100690,Amridge University,AL,20,RB27R4GLDKE7,,,0,0.0,no_awards,
100706,University of Alabama in Huntsville,AL,16,HB6KNGVNJRU1,HB6KNGVNJRU1,THE UNIVERSITY OF ALABAMA IN HUNTSVILLE,359,479.7,direct,
100724,Alabama State University,AL,19,DLJWLMSNK627,DLJWLMSNK627,ALABAMA STATE UNIVERSITY,69,252.5,direct,
100751,The University of Alabama,AL,15,RCNJEHZ83EV6,RCNJEHZ83EV6,University of Alabama Tuscaloosa,656,825.5,direct,
100830,Auburn University at Montgomery,AL,18,S2Y7SMVZ1R96,S2Y7SMVZ1R96,Auburn University at Montgomery,20,37.4,direct,
100858,Auburn University,AL,15,DMQNDJDHTDG4,DMQNDJDHTDG4,AUBURN UNIVERSITY,934,804.3,direct,
101116,South University-Montgomery,AL,20,YJAHL2YJ7WS1,,,0,0.0,no_awards,
101189,Faulkner University,AL,19,X4N7WEDBEKK4,X4N7WEDBEKK4,FAULKNER UNIVERSITY,6,19.2,direct,
101480,Jacksonville State University,AL,18,D7N5GMCLAMT8,D7N5GMCLAMT8,JACKSONVILLE STATE UNIVERSITY,19,65.1,direct,
101587,University of West Alabama,AL,18,NYQJM58LU2K3,NYQJM58LU2K3,UNIVERSITY OF WEST ALABAMA,29,48.8,direct,
101709,University of Montevallo,AL,19,EK1MGM1G5M25,EK1MGM1G5M25,UNIVERSITY OF MONTEVALLO,19,56.3,direct,
101879,University of North Alabama,AL,18,MEMJEJHP6KZ6,MEMJEJHP6KZ6,UNIVERSITY OF NORTH ALABAMA,13,36.0,direct,
102049,Samford University,AL,17,W3NJNTKTT6S3,W3NJNTKTT6S3,SAMFORD UNIVERSITY,4,13.2,direct,
102094,University of South Alabama,AL,16,QB12VPNQQFE8,QB12VPNQQFE8,UNIVERSITY OF SOUTH ALABAMA,190,278.5,direct,
102368,Troy University,AL,18,NWQTQ4Q91NW5,NWQTQ4Q91NW5,TROY UNIVERSITY,45,94.6,direct,
102377,Tuskegee University,AL,19,U9JCYEXFEEU4,U9JCYEXFEEU4,TUSKEGEE UNIVERSITY,268,317.8,direct,
102553,University of Alaska Anchorage,AK,18,DZFJT2KH9C43,DZFJT2KH9C43,UNIVERSITY OF ALASKA ANCHORAGE,172,142.0,direct,
102614,University of Alaska Fairbanks,AK,16,FDLEQSJ8FF63,FDLEQSJ8FF63,UNIVERSITY OF ALASKA FAIRBANKS,685,688.1,direct,
102632,University of Alaska Southeast,AK,19,YYFJATK1HMJ7,YYFJATK1HMJ7,UNIVERSITY OF ALASKA SOUTHEAST,34,30.9,direct,
102669,Alaska Pacific University,AK,20,GMQQTDPMJJA7,GMQQTDPMJJA7,ALASKA PACIFIC UNIVERSITY,13,15.0,direct,
104151,Arizona State University Campus Immersion,AZ,15,NTLHJXM55KZ6,NTLHJXM55KZ6,Arizona State University,2168,2206.3,direct,
104179,University of Arizona,AZ,15,ED44Y3W6P7B9,ED44Y3W6P7B9,UNIVERSITY OF ARIZONA,1587,1233.0,direct,
104717,Grand Canyon University,AZ,17,LVUGTE1MRAT8,LVUGTE1MRAT8,GRAND CANYON UNIVERSITY,7,53.5,direct,
105330,Northern Arizona University,AZ,16,MXHAS3AKPRN1,MXHAS3AKPRN1,NORTHERN ARIZONA UNIVERSITY,457,547.4,direct,
105589,Prescott College,AZ,20,WA41FYUAR7P5,WA41FYUAR7P5,PRESCOTT COLLEGE INC,6,4.6,direct,
106245,University of Arkansas at Little Rock,AR,16,DBP4N9GHCA14,DBP4N9GHCA14,UNIVERSITY OF ARKANSAS SYSTEM,87,133.9,direct,
106263,University of Arkansas for Medical Sciences,AR,25,VDFYLZPJEAV6,VDFYLZPJEAV6,UNIV OF ARKANSAS FOR MED SCIS,265,405.9,direct,
106397,University of Arkansas,AR,15,MECEHTM8DB17,MECEHTM8DB17,UNIVERSITY OF ARKANSAS,555,553.3,direct,
106458,Arkansas State University,AR,16,TRMDNABWE872,TRMDNABWE872,ARKANSAS STATE UNIVERSITY,57,83.5,direct,
106467,Arkansas Tech University,AR,18,GJKNWWCG6J26,GJKNWWCG6J26,ARKANSAS TECH UNIVERSITY,28,70.9,direct,
106485,University of Arkansas at Monticello,AR,19,LHMCTJMK1XG3,LHMCTJMK1XG3,UNIVERSITY OF ARKANSAS SYSTEM,6,22.4,direct,
106704,University of Central Arkansas,AR,17,E557HM9TKJ17,E557HM9TKJ17,UNIVERSITY OF CENTRAL ARKANSAS,19,78.1,direct,
107044,Harding University,AR,17,Q9D2D7M64DD5,Q9D2D7M64DD5,"HARDING UNIVERSITY, INC.",8,21.2,direct,
107071,Henderson State University,AR,19,,,,0,0.0,no_awards,
107141,John Brown University,AR,19,E8JMLPBES6E6,E8JMLPBES6E6,JOHN BROWN UNIVERSITY,6,10.2,direct,
107983,Southern Arkansas University Main Campus,AR,18,N6N7V9M11757,N6N7V9M11757,SOUTHERN ARKANSAS UNIVERSITY,15,38.3,direct,
108232,Academy of Art University,CA,18,UYCBU5C6KNW7,UYCBU5C6KNW7,STEPHENS INSTITUTE,3,9.4,direct,
109785,Azusa Pacific University,CA,16,TNQMP46NDSL1,TNQMP46NDSL1,AZUSA PACIFIC UNIVERSITY,15,41.6,direct,
110097,Biola University,CA,17,VNN8HLZ64P14,VNN8HLZ64P14,"BIOLA UNIVERSITY, INC.",5,21.5,direct,
110316,California Institute of Integral Studies,CA,17,KYPYLWWACG79,KYPYLWWACG79,CALIFORNIA INSTITUTE OF INTEGRAL STUDIES,5,2.4,direct,
110361,California Baptist University,CA,18,NQMVAAQUFU53,NQMVAAQUFU53,SUNY at Binghamton,346,314.1,direct,
110404,California Institute of Technology,CA,15,U2JMKHNS5TG4,U2JMKHNS5TG4,CALIFORNIA INSTITUTE OF TECHNOLOGY,1164,1761.1,direct,
110413,California Lutheran University,CA,18,UTQ7GBV8BLL8,UTQ7GBV8BLL8,CALIFORNIA LUTHERAN UNIVERSITY,31,56.4,direct,
110422,California Polytechnic State University-San Luis Obispo,CA,18,CPVFEDRAL3U6,CPVFEDRAL3U6,CALIFORNIA POLYTECHNIC STATE UNIVERSITY,3,72.0,direct,
110468,Alliant International University-San Diego,CA,17,S6WKSK87M615,S6WKSK87M615,"ALLIANT INTERNATIONAL UNIVERSITY, INC.",3,2.4,direct,
110486,California State University-Bakersfield,CA,18,KJKYFMDKP1V9,KJKYFMDKP1V9,CALIFORNIA STATE UNIVERSITY BAKERSFIELD,7,87.2,direct,
110495,California State University-Stanislaus,CA,18,SRT1YX7KJQL4,SRT1YX7KJQL4,"CALIFORNIA STATE UNIVERSITY, STANISLAUS",34,108.7,direct,
110510,California State University-San Bernardino,CA,18,FUHGQMYGUBJ7,FUHGQMYGUBJ7,CALIFORNIA STATE UNIVERSITY SAN BERNARDINO,4,152.6,direct,
110529,California State Polytechnic University-Pomona,CA,18,JMGMMM7BMBT6,JMGMMM7BMBT6,"Cal Poly Pomona Foundation, Inc.",53,33.7,direct,
110538,California State University-Chico,CA,18,C4VMQLSU1LF4,C4VMQLSU1LF4,Chico State Enterprises,33,10.8,direct,
110547,California State University-Dominguez Hills,CA,18,HMW5V5LQY617,HMW5V5LQY617,"CALIFORNIA STATE UNIVERSITY, DOMINGUEZ HILLS",6,120.7,direct,
110556,California State University-Fresno,CA,17,GBATCBNV1SH8,GBATCBNV1SH8,CALIFORNIA STATE UNIVERSITY FRESNO,20,11.6,direct,
110565,California State University-Fullerton,CA,18,VQ5WK498QDC6,VQ5WK498QDC6,CSU Fullerton Auxiliary Services Corporation,85,37.5,direct,
110574,California State University-East Bay,CA,18,XB4KBLWF4LA5,XB4KBLWF4LA5,CALIFORNIA STATE UNIVERSITY EAST BAY,3,86.4,direct,
110583,California State University-Long Beach,CA,18,P2TDH1JCJD31,P2TDH1JCJD31,CALIFORNIA STATE UNIVERSITY LONG BEACH RESEARCH FOUNDATION,147,124.4,direct,
110592,California State University-Los Angeles,CA,18,C1ABLRAQTB48,C1ABLRAQTB48,CAL STATE LA UNIVERSITY AUXILIARY SERVICES INC,134,100.2,direct,
110608,California State University-Northridge,CA,18,FNJZEE34W8V3|LAGNHMC58DF3,FNJZEE34W8V3,CALIFORNIA STATE UNIVERSITY NORTHRIDGE,48,316.6,direct,
110617,California State University-Sacramento,CA,18,K8JLGZSDVS89,K8JLGZSDVS89,CALIFORNIA STATE UNIVERSITY SACRAMENTO,13,221.4,direct,
110635,University of California-Berkeley,CA,15,GS3YEVSS12N6,GS3YEVSS12N6,"REGENTS OF THE UNIVERSITY OF CALIFORNIA, THE",2664,2723.0,direct,
110644,University of California-Davis,CA,15,TX2DAGQPENZ5,TX2DAGQPENZ5,UNIVERSITY OF CALIFORNIA AT DAVIS,2764,3112.5,direct,
110653,University of California-Irvine,CA,15,MJC5FCYQTPE6,MJC5FCYQTPE6,UNIVERSITY OF CALIFORNIA-IRVINE,2079,2266.8,direct,
110662,University of California-Los Angeles,CA,15,RN64EPNH8JC6,RN64EPNH8JC6,UNIVERSITY OF CALIFORNIA LOS ANGELES,3799,5437.0,direct,
110671,University of California-Riverside,CA,15,MR5QC5FCAVH5,MR5QC5FCAVH5,UC Riverside,1157,1042.1,direct,
110680,University of California-San Diego,CA,15,UYTTZT6G9DT1,UYTTZT6G9DT1,University of California-San Diego,1437,1680.1,direct,
110699,University of California-San Francisco,CA,25,KMH5K9V7S518,KMH5K9V7S518,"UNIVERSITY OF CALIFORNIA, SAN FRANCISCO",3470,5533.5,direct,
110705,University of California-Santa Barbara,CA,15,G9QBQDH39DF4,G9QBQDH39DF4,University of California-Santa Barbara,1094,1190.9,direct,
110714,University of California-Santa Cruz,CA,15,VXUFPE4MCZH5,VXUFPE4MCZH5,UNIVERSITY OF CALIFORNIA SANTA CRUZ,839,810.0,direct,
111948,Chapman University,CA,16,EN9DMTETW3N1,EN9DMTETW3N1,CHAPMAN UNIVERSITY,111,91.1,direct,
112075,Concordia University-Irvine,CA,18,MN26RWBMU5Y1,MN26RWBMU5Y1,CONCORDIA UNIVERSITY IRVINE,5,13.4,direct,
112251,Claremont Graduate University,CA,16,N34CXJCDNDU1,N34CXJCDNDU1,CLAREMONT GRADUATE UNIVERSITY,20,12.6,direct,
112525,Western University of Health Sciences,CA,25,NFFLPSHMNJN4,NFFLPSHMNJN4,WESTERN UNIVERSITY OF HEALTH SCIENCES,45,34.9,direct,
113698,Dominican University of California,CA,19,UK5GQC1GVNZ4,UK5GQC1GVNZ4,DOMINICAN UNIVERSITY OF CALIFORNIA,17,13.2,direct,
114549,Fielding Graduate University,CA,17,S42UK27GCCT7,S42UK27GCCT7,FIELDING GRADUATE UNIVERSITY,5,3.6,direct,
114813,Fresno Pacific University,CA,18,,CKVYGS8HDGD9,FRESNO PACIFIC UNIVERSITY,7,28.0,name_match,Keyword match → 'FRESNO PACIFIC UNIVERSITY'
115083,Golden Gate University,CA,18,D5TQTRHK65A7,D5TQTRHK65A7,GOLDEN GATE UNIVERSITY,3,2.9,direct,
115728,Holy Names University,CA,19,,,,0,0.0,no_awards,
115755,California State Polytechnic University-Humboldt,CA,19,K1S8M8RU4FK7,K1S8M8RU4FK7,CAL POLY HUMBOLDT SPONSORED PROGRAMS FOUNDATION,30,8.9,direct,
117140,University of La Verne,CA,17,KGP6EXJ2DEM1,KGP6EXJ2DEM1,UNIVERSITY OF LA VERNE,11,51.8,direct,
117627,La Sierra University,CA,19,JRBYF38XA8T1,JRBYF38XA8T1,LA SIERRA UNIVERSITY,9,23.8,direct,
117636,Loma Linda University,CA,25,SZAKFNU35ZX5,SZAKFNU35ZX5,LOMA LINDA UNIVERSITY,61,78.3,direct,
117751,The Master's University and Seminary,CA,19,WTM6XM98JDA9,WTM6XM98JDA9,THE MASTERS UNIVERSITY AND SEMINARY,2,5.5,direct,
117946,Loyola Marymount University,CA,16,MQSXELH2KMB6,MQSXELH2KMB6,LOYOLA MARYMOUNT UNIVERSITY,39,61.1,direct,
118888,Northeastern University Oakland,CA,19,HLTMVS2JZBS6,HLTMVS2JZBS6,Northeastern University,1060,891.8,direct,
119058,Middlebury Institute of International Studies at Monterey,CA,18,JRXBANHRMJC5,JA64PN423J15,INTERNATIONAL INSTITUTE FOR STRATEGIC STUDIES - U.S. (THE),1,0.4,name_match,Keyword match → 'INTERNATIONAL INSTITUTE FOR STRATEGIC STUDIES - U.S. (THE)'
119173,Mount Saint Mary's University,CA,18,CFLWSHQJQ2L7,CFLWSHQJQ2L7,MOUNT SAINT MARY'S UNIVERSITY,15,33.5,direct,
119605,National University,CA,18,VERGS9RU9J56,VERGS9RU9J56,NATIONAL UNIVERSITY,16,61.7,direct,
119678,Naval Postgraduate School,CA,18,CEPCN5K7EKU8,CEPCN5K7EKU8,Naval Postgraduate School,23,5.2,direct,
120184,Notre Dame de Namur University,CA,19,RKU6CQHG1DL1,RKU6CQHG1DL1,NOTRE DAME DE NAMUR UNIVERSITY,5,11.0,direct,
120537,Hope International University,CA,19,X8MZQNSC8S59,X8MZQNSC8S59,HOPE INTERNATIONAL UNIVERSITY,3,4.4,direct,
120883,University of the Pacific,CA,17,M2LKLDMLETD5| LKMJM5TJ4BJ1,M2LKLDMLETD5,UNIVERSITY OF PACIFIC,42,50.6,direct,
121150,Pepperdine University,CA,17,NHBMUW819YE7,NHBMUW819YE7,PEPPERDINE UNIVERSITY,14,25.2,direct,
121309,Point Loma Nazarene University,CA,18,H534D2GJMQD3,H534D2GJMQD3,POINT LOMA NAZARENE UNIVERSITY,2,15.8,direct,
121691,University of Redlands,CA,18,D22VFH3G7JM6,D22VFH3G7JM6,UNIVERSITY OF REDLANDS,9,21.0,direct,
122409,San Diego State University,CA,16,RN4HGABGRWV7,RN4HGABGRWV7,SAN DIEGO STATE UNIVERSITY,150,369.4,direct,
122436,University of San Diego,CA,16,V6S1GT51XD56,V6S1GT51XD56,University of San Diego,60,59.2,direct,
122597,San Francisco State University,CA,18,,F4SLJ5WF59F6,SAN FRANCISCO STATE UNIVERSITY,179,312.0,manual,Different SAM.gov entity
122612,University of San Francisco,CA,17,EA2TGNNYQZ36,EA2TGNNYQZ36,UNIVERSITY OF SAN FRANCISCO,35,57.5,direct,
122755,San Jose State University,CA,18,ZM6PVFEKEHK1,ZM6PVFEKEHK1,SAN JOSE STATE UNIVERSITY,40,184.8,direct,
122931,Santa Clara University,CA,17,YE8LRJWSY3K9,YE8LRJWSY3K9,Santa Clara University,61,40.8,direct,
123457,Simpson University,CA,20,DKLXHQNHDBH4,DKLXHQNHDBH4,SIMPSON UNIVERSITY,15,23.0,direct,
123554,Saint Mary's College of California,CA,18,LEJGNN7CS3N7,LEJGNN7CS3N7,SAINT MARYS COLLEGE OF CALIFORNIA,22,23.2,direct,
123572,Sonoma State University,CA,18,GZ6NCMJFL6R4,GZ6NCMJFL6R4,SONOMA STATE UNIVERSITY,86,147.2,direct,
123651,Vanguard University of Southern California,CA,20,RYZQU4KA4SK3,RYZQU4KA4SK3,VANGUARD UNIVERSITY OF SOUTHERN CALIFORNIA,7,21.1,direct,
123961,University of Southern California,CA,15,G88KLJR3KYT5,G88KLJR3KYT5,UNIVERSITY OF SOUTHERN CALIFORNIA,2289,3197.7,direct,
125231,Walden University,MN,17,X8P1K5FWPHU4,X8P1K5FWPHU4,WALDEN UNIVERSITY LLC,1,0.2,direct,
125897,Woodbury University,CA,19,KE1KF8PUSB29,KE1KF8PUSB29,WOODBURY UNIVERSITY,6,13.2,direct,
126182,Adams State University,CO,18,G48GS8DFMJA8,G48GS8DFMJA8,ADAMS STATE UNIVERSITY,27,57.9,direct,
126562,University of Colorado Denver/Anschutz Medical Campus,CO,15,M6CXZ6GSJW84| MW8JHK6ZYEX8,M6CXZ6GSJW84,University of Colorado at Denver-Downtown Campus,54,23.2,direct,
126580,University of Colorado Colorado Springs,CO,16,RH87YDXC1AY5,RH87YDXC1AY5,University of Colorado at Colorado Springs,84,89.4,direct,
126614,University of Colorado Boulder,CO,15,SPVKK1RC2MZ3,SPVKK1RC2MZ3,THE REGENTS OF THE UNIVERSITY OF COLORADO,2511,2736.4,direct,
126669,Colorado Christian University,CO,19,Y6APC9TMKTN7,Y6APC9TMKTN7,COLORADO CHRISTIAN UNIVERSITY,4,19.1,direct,
126775,Colorado School of Mines,CO,16,JW2NGMP4NMA3,JW2NGMP4NMA3,TRUSTEES OF THE COLORADO SCHOOL OF MINES,487,417.9,direct,
126818,Colorado State University-Fort Collins,CO,15,CZ9GSGBGGNJ6|LT9CXX8L19G1|JT72JJR5F5S7|TA9JJL4AN666|GFHUZQ7HRGZ7|CF4JCNKUD3M6,CZ9GSGBGGNJ6,COLORADO STATE UNIVERSITY,308,336.4,direct,
126827,Colorado Technical University-Colorado Springs,CO,17,NMY2SCKM38E5,NMY2SCKM38E5,"COLORADO TECHNICAL UNIVERSITY, INC",2,1.6,direct,
127060,University of Denver,CO,16,EPXGANRPMNX4|WCUGNQQ8DZU1,WCUGNQQ8DZU1,University of Denver,150,135.6,secondary_uei,
127556,Colorado Mesa University,CO,20,E5RRMPPLNMD9,E5RRMPPLNMD9,COLORADO MESA UNIVERSITY,18,52.0,direct,
127565,Metropolitan State University of Denver,CO,18,UP9BGM1JEM81,UP9BGM1JEM81,METROPOLITAN STATE UNIVERSITY OF DENVER,38,132.6,direct,
127653,Naropa University,CO,19,FVZFESMBNVL4,FVZFESMBNVL4,NAROPA UNIVERSITY,4,5.7,direct,
127741,University of Northern Colorado,CO,17,TYJEPW6N1W98,TYJEPW6N1W98,UNIVERSITY OF NORTHERN COLORADO,40,75.9,direct,
127918,Regis University,CO,17,HTREMNKMB9E7,HTREMNKMB9E7,REGIS UNIVERSITY,11,16.3,direct,
128106,Colorado State University Pueblo,CO,20,W6KGB2MW5KL9,W6KGB2MW5KL9,COLORADO STATE UNIVERSITY-PUEBLO,44,97.8,direct,
128391,Western Colorado University,CO,20,LTAMNZ6MT5Z8,LTAMNZ6MT5Z8,WESTERN COLORADO UNIVERSITY,10,12.0,direct,
128498,Albertus Magnus College,CT,19,MQQUYYDNBMX1,MQQUYYDNBMX1,ALBERTUS MAGNUS COLLEGE,6,10.7,direct,
128744,University of Bridgeport,CT,17,VET6MQCFKL83,VET6MQCFKL83,THE UNIVERSITY OF BRIDGEPORT INC,6,5.2,direct,
128771,Central Connecticut State University,CT,18,VWQNND6KLQQ5,VWQNND6KLQQ5,CENTRAL CONNECTICUT STATE UNIVERSITY,22,63.3,direct,
129020,University of Connecticut,CT,15,WNTPS995QBM7,WNTPS995QBM7,UNIVERSITY OF CONNECTICUT,1259,1004.6,direct,
129215,Eastern Connecticut State University,CT,20,KEB2K7QLKAN7,KEB2K7QLKAN7,EASTERN CONNECTICUT STATE UNIVERSITY,7,25.4,direct,
129242,Fairfield University,CT,18,CMMFBJ2F9W56,CMMFBJ2F9W56,FAIRFIELD UNIVERSITY,19,20.2,direct,
129525,University of Hartford,CT,17,G1HAYR9Y1FJ9,G1HAYR9Y1FJ9,THE UNIVERSITY OF HARTFORD,9,33.2,direct,
129941,University of New Haven,CT,18,,FZBDVM1MBTN9,University of New Haven,25,34.5,manual,Different SAM.gov entity
130183,Post University,CT,18,SNSQV8C6DPJ4,SNSQV8C6DPJ4,"POST UNIVERSITY, INC.",3,2.8,direct,
130226,Quinnipiac University,CT,17,M4XJNBM2QZK5,M4XJNBM2QZK5,QUINNIPIAC UNIVERSITY,4,27.7,direct,
130253,Sacred Heart University,CT,17,GC8QXPMV7JB4,GC8QXPMV7JB4,Sacred Heart University,16,37.7,direct,
130314,University of Saint Joseph,CT,17,HGZCNKLDY2J8,HGZCNKLDY2J8,UNIVERSITY OF SAINT JOSEPH,5,8.9,direct,
130493,Southern Connecticut State University,CT,18,HJL7S6MUNL85,HJL7S6MUNL85,SOUTHERN CONNECTICUT STATE UNIVERSITY,27,59.1,direct,
130776,Western Connecticut State University,CT,19,,ZQ8MXL2GJ4C4,"WESTERN CONNECTICUT STATE UNIVERSITY ALUMNI ASSOCIATION, INC.",9,27.7,name_match,"Keyword match → 'WESTERN CONNECTICUT STATE UNIVERSITY ALUMNI ASSOCIATION, INC.'"
130794,Yale University,CT,15,FL6GV84CKN57,FL6GV84CKN57,YALE UNIVERSITY,3057,4024.9,direct,
130934,Delaware State University,DE,16,,RZZ8BMQ47KX3,DELAWARE STATE UNIVERSITY,223,284.0,manual,Different SAM.gov entity
130943,University of Delaware,DE,15,T72NHKM259N3,T72NHKM259N3,UNIVERSITY OF DELAWARE,1260,1547.0,direct,
131113,Wilmington University,DE,17,RP67KHU3J235,,,0,0.0,no_awards,
131159,American University,DC,16,H4VNDUN2VWU5,H4VNDUN2VWU5,AMERICAN UNIVERSITY,168,129.6,direct,
131283,The Catholic University of America,DC,16,C31ES3WEAVQ5,C31ES3WEAVQ5,CATHOLIC UNIVERSITY OF AMERICA (THE),210,209.8,direct,
131399,University of the District of Columbia,DC,19,NLULJV36KE96|HS85C8C3NCT9,NLULJV36KE96,University of the District of Columbia,39,25.7,direct,
131450,Gallaudet University,DC,16,TQCJUED1WEF9,TQCJUED1WEF9,Gallaudet University,43,36.6,direct,
131469,George Washington University,DC,15,Y3J2CXGCMXZ8,ECR5E2LU5BL6,GEORGE WASHINGTON UNIVERSITY,787,926.6,manual,Different SAM.gov entity
131496,Georgetown University,DC,15,TF2CMKY1HMX9,TF2CMKY1HMX9,GEORGETOWN UNIVERSITY,518,580.8,direct,
131520,Howard University,DC,16,DYZNJGLTHMR9,DYZNJGLTHMR9,HOWARD UNIVERSITY,273,297.2,direct,
131803,Strayer University-District of Columbia,DC,19,NE3DFYDLVKW5,NE3DFYDLVKW5,"STRAYER UNIVERSITY, LLC",1,8.4,direct,
131876,Trinity Washington University,DC,19,MNJ9JLGH5EP5,,,0,0.0,no_awards,
132471,Barry University,FL,17,NNULQVJJCKY7,NNULQVJJCKY7,"BARRY UNIVERSITY, INC",8,36.9,direct,
132657,Lynn University,FL,18,P4JLU1G63KS4,P4JLU1G63KS4,LYNN UNIVERSITY INC,2,10.1,direct,
132903,University of Central Florida,FL,15,RD7MXJV7DKT9,RD7MXJV7DKT9,UCF,943,1050.0,direct,
133553,Embry-Riddle Aeronautical University-Daytona Beach,FL,19,U5MMBAC9XAM5,U5MMBAC9XAM5,"EMBRY-RIDDLE AERONAUTICAL UNIVERSITY, INC.",240,144.7,direct,
133650,Florida Agricultural and Mechanical University,FL,16,W8LKB16HV1K5,W8LKB16HV1K5,FLORIDA A & M UNIVERSITY,466,726.1,direct,
133669,Florida Atlantic University,FL,16,Q266L2NDAVP1,Q266L2NDAVP1,FLORIDA ATLANTIC UNIVERSITY,315,390.1,direct,
133881,Florida Institute of Technology,FL,16,WNN6VH618X58,WNN6VH618X58,FLORIDA INSTITUTE OF TECHNOLOGY INC,145,75.9,direct,
133951,Florida International University,FL,15,Q3KCVK5S9CP1,Q3KCVK5S9CP1,FLORIDA INTERNATIONAL UNIVERSITY,626,803.7,direct,
134079,Florida Southern College,FL,19,VAPJFN3BBY84,VAPJFN3BBY84,FLORIDA SOUTHERN COLLEGE,4,12.3,direct,
134097,Florida State University,FL,15,JF2BLNN4PJC3|EXTRKMMCVKS7,JF2BLNN4PJC3,FLORIDA STATE UNIVERSITY,660,908.8,direct,
134130,University of Florida,FL,15,NNFQH1JAPEP3,NNFQH1JAPEP3,UNIVERSITY OF FLORIDA,2239,1814.8,direct,
134237,Full Sail University,FL,18,VLCJHNKY5RR3,,,0,0.0,no_awards,
134945,Jacksonville University,FL,18,CHZKP2RC6HA7,CHZKP2RC6HA7,JACKSONVILLE UNIVERSITY,5,15.9,direct,
135081,Keiser University-Ft Lauderdale,FL,17,KPPKR778LHX3,KPPKR778LHX3,EVERGLADES COLLEGE INC,3,143.7,direct,
135726,University of Miami,FL,15,F8THLJQSAF93,F8THLJQSAF93,UNIVERSITY OF MIAMI SCHOOL OF MEDICINE,703,1156.8,direct,
136172,University of North Florida,FL,17,MHM6MGJFANE7,MHM6MGJFANE7,UNIVERSITY OF NORTH FLORIDA,48,26.7,direct,
136215,Nova Southeastern University,FL,16,Z1L7BKGEAGC7,Z1L7BKGEAGC7,"NOVA SOUTHEASTERN UNIVERSITY, INC",99,135.9,direct,
136330,Palm Beach Atlantic University,FL,17,NCLUHPBDMNH5,NCLUHPBDMNH5,"PALM BEACH ATLANTIC UNIVERSITY, INC.",2,13.2,direct,
136950,Rollins College,FL,18,UCEJSA1HCRE1,UCEJSA1HCRE1,ROLLINS COLLEGE,11,20.2,direct,
137032,Saint Leo University,FL,18,MTRTNUHLVRD7,MTRTNUHLVRD7,SAINT LEO UNIVERSITY INCORPORATED,6,38.0,direct,
137351,University of South Florida,FL,15,NKAZLXLL7Z91,NKAZLXLL7Z91,University of South Florida,861,1306.5,direct,
137476,St. Thomas University,FL,18,YK1LYF3LQNL5,YK1LYF3LQNL5,"ST. THOMAS UNIVERSITY, INC",7,10.3,direct,
137546,Stetson University,FL,18,LPBLQUYKQKJ3,LPBLQUYKQKJ3,Stetson University,10,23.8,direct,
137564,Southeastern University,FL,19,HC3UED4MZLE6,HC3UED4MZLE6,"SOUTHEASTERN UNIVERSITY, INC.",3,30.8,direct,
137847,The University of Tampa,FL,18,J8EJLN4LKWK5,J8EJLN4LKWK5,THE UNIVERSITY OF TAMPA INC,13,37.3,direct,
138354,University of West Florida,FL,18,WHXVFCB1F1E3,WHXVFCB1F1E3,UNIVERSITY OF WEST FLORIDA,60,91.6,direct,
138716,Albany State University,GA,19,JEJGGM9MT7V9,JEJGGM9MT7V9,ALBANY STATE UNIVERSITY,41,212.8,direct,
138947,Clark Atlanta University,GA,16,JGA3E25MFDV9,JGA3E25MFDV9,"CLARK ATLANTA UNIVERSITY, INC.",81,267.6,direct,
139144,Berry College,GA,20,UN5NJ4HGQF36,UN5NJ4HGQF36,Berry College,9,11.3,direct,
139199,Brenau University,GA,18,H13ZRHGUJFJ7,H13ZRHGUJFJ7,"BRENAU UNIVERSITY, INC.",4,8.8,direct,
139311,Clayton  State University,GA,19,653634830000,JDPQA8949685,CLAYTON STATE UNIVERSITY,13,55.8,manual,Non-standard IPEDS UEI (EIN format); matched by name
139366,Columbus State University,GA,18,K2D8HHGH6F84,K2D8HHGH6F84,COLUMBUS STATE UNIVERSITY,9,42.0,direct,
139658,Emory University,GA,15,S352L5PJLMP8,S352L5PJLMP8,EMORY UNIVERSITY,2379,3339.7,direct,
139719,Fort Valley State University,GA,19,,,,0,0.0,no_awards,
139755,Georgia Institute of Technology-Main Campus,GA,15,NLYTWDL1RBS7,NLYTWDL1RBS7,GEORGIA INSTITUTE OF TECHNOLOGY,299,383.6,direct,
139764,Georgia Southwestern State University,GA,19,TSALKE2KG5B1,TSALKE2KG5B1,GEORGIA SOUTHWESTERN STATE UNIVERSITY,3,11.5,direct,
139861,Georgia College & State University,GA,18,S3FFMKN95RF1,S3FFMKN95RF1,GEORGIA COLLEGE & STATE UNIVERSITY,19,27.3,direct,
139931,Georgia Southern University,GA,16,,FL4AUYLFP7E8,"Georgia Southern University Research and Service Foundation, Inc",72,32.2,name_match,"Keyword match → 'Georgia Southern University Research and Service Foundation, Inc'"
139940,Georgia State University,GA,15,SNQ6M7S6TK89| MNS7B9CVKDN7,SNQ6M7S6TK89,Georgia State University,251,617.4,direct,
139959,University of Georgia,GA,15,Q2LKTLYJM4P8,Q2LKTLYJM4P8,UNIVERSITY OF GEORGIA,271,380.6,direct,
140340,Herzing University-Atlanta,GA,20,JDF5MPY3N5T3,JDF5MPY3N5T3,"HERZING UNIVERSITY, LTD",7,38.3,direct,
140447,Mercer University,GA,16,FKLCLQFBA463,FKLCLQFBA463,THE CORPORATION OF MERCER UNIVERSITY,48,72.3,direct,
140562,Morehouse School of Medicine,GA,25,X5S7PNXMJMC7,X5S7PNXMJMC7,MOREHOUSE SCHOOL OF MEDICINE,87,328.0,direct,
140818,Piedmont University,GA,18,NGYMABXHNT49,NGYMABXHNT49,"PIEDMONT UNIVERSITY, INC",3,9.8,direct,
140872,Reinhardt University,GA,20,HL72J98XLTQ6,HL72J98XLTQ6,REINHARDT UNIVERSITY,10,10.4,direct,
140960,Savannah State University,GA,20,WUHNDWEE8WB7,WUHNDWEE8WB7,SAVANNAH STATE UNIVERSITY,57,148.5,direct,
140988,Shorter University,GA,20,E7TSKSC3D4R8,E7TSKSC3D4R8,"SHORTER UNIVERSITY, INC.",3,7.4,direct,
141167,Thomas University,GA,19,HSN5ZYN9T9V8,HSN5ZYN9T9V8,"THOMAS UNIVERSITY, INC.",14,12.2,direct,
141264,Valdosta State University,GA,17,UHCVCJL7RWV3,UHCVCJL7RWV3,VALDOSTA STATE UNIVERSITY,17,65.9,direct,
141334,University of West Georgia,GA,17,WU6LEXX7KD81,WU6LEXX7KD81,University of West Georgia,11,67.0,direct,
141486,Chaminade University of Honolulu,HI,18,H44FTK25AME3,H44FTK25AME3,CHAMINADE UNIVERSITY OF HONOLULU,19,39.9,direct,
141565,University of Hawaii at Hilo,HI,17,KEXVZ79F9UU9,KEXVZ79F9UU9,UNIVERSITY OF HAWAII,58,85.4,direct,
141574,University of Hawaii at Manoa,HI,15,NSCKLFSSABF2,NSCKLFSSABF2,UNIVERSITY OF HAWAII,1553,1807.2,direct,
141644,Hawaii Pacific University,HI,18,QKESSLC5LFR4,QKESSLC5LFR4,HAWAI`I PACIFIC UNIVERSITY,34,33.4,direct,
142115,Boise State University,ID,16,HYWTVM5HNFM3,HYWTVM5HNFM3,BOISE STATE UNIVERSITY,407,366.7,direct,
142276,Idaho State University,ID,16,JJC9GJJJL4M7,JJC9GJJJL4M7,IDAHO STATE UNIVERSITY,108,124.4,direct,
142285,University of Idaho,ID,16,QWYKRJH5NNJ3,QWYKRJH5NNJ3,REGENTS OF THE UNIVERSITY OF IDAHO,629,531.1,direct,
142461,Northwest Nazarene University,ID,18,ELJHAMA4CQW5,ELJHAMA4CQW5,NORTHWEST NAZARENE UNIVERSITY INC,3,6.7,direct,
143118,Aurora University,IL,17,J9SCZMAFNVF3,J9SCZMAFNVF3,AURORA UNIVERSITY,6,30.5,direct,
143358,Bradley University,IL,18,D3ZVNXBL1DJ7,D3ZVNXBL1DJ7,Bradley University,14,28.7,direct,
143853,Midwestern University-Downers Grove,IL,25,XD93A5U66T24,XD93A5U66T24,MIDWESTERN UNIVERSITY,6,12.4,direct,
144005,Chicago State University,IL,18,PJ66MZ7MFZ16,PJ66MZ7MFZ16,CHICAGO STATE UNIVERSITY,48,62.4,direct,
144050,University of Chicago,IL,15,ZUE9HKT2CLC9,ZUE9HKT2CLC9,UNIVERSITY OF CHICAGO,2046,2449.4,direct,
144281,Columbia College Chicago,IL,19,EKBGJ4XUENP3,EKBGJ4XUENP3,COLUMBIA COLLEGE CHICAGO,8,41.2,direct,
144351,Concordia University-Chicago,IL,18,,,,0,0.0,no_awards,
144740,DePaul University,IL,16,MNZ8KMRWTDB6,MNZ8KMRWTDB6,DePaul University,68,122.3,direct,
144892,Eastern Illinois University,IL,18,KP2SCPU3W6K9,KP2SCPU3W6K9,EASTERN ILLINOIS UNIVERSITY,10,32.0,direct,
144962,Elmhurst University,IL,18,EKXBBU5MVJN5,EKXBBU5MVJN5,ELMHURST UNIVERSITY,14,25.2,direct,
145336,Governors State University,IL,18,RZYSKTHWL384,RZYSKTHWL384,GOVERNORS STATE UNIVERSITY,15,27.0,direct,
145372,Greenville University,IL,20,G5BBN9TZNT75,G5BBN9TZNT75,GREENVILLE COLLEGE,4,6.5,direct,
145558,Rosalind Franklin University of Medicine and Science,IL,25,V913TCT2SFZ9,V913TCT2SFZ9,ROSALIND FRANKLIN UNIV OF MEDICINE & SCI,57,54.4,direct,
145600,University of Illinois Chicago,IL,15,W8XEAJDKMXH3,W8XEAJDKMXH3,University of Illinois Chicago,1487,1690.4,direct,
145619,Benedictine University,IL,17,C2VYCKBGJBG1,C2VYCKBGJBG1,BENEDICTINE UNIVERSITY,12,20.9,direct,
145637,University of Illinois Urbana-Champaign,IL,15,Y8CWNJRCNN91,Y8CWNJRCNN91,UNIVERSITY OF ILLINOIS,2806,3329.0,direct,
145725,Illinois Institute of Technology,IL,16,E2NDENMDUEG8|WPMJAEJPLR15,E2NDENMDUEG8,Illinois Institute of Technology,221,195.2,direct,
145813,Illinois State University,IL,16,V6WTL4T5FFJ3,V6WTL4T5FFJ3,Board of Trustees of Illinois State University,78,156.9,direct,
146339,Judson University,IL,20,WTC3ECE4A764,WTC3ECE4A764,JUDSON UNIVERSITY - A BAPTIST INSTITUTION,3,7.4,direct,
146612,Lewis University,IL,18,EHUHEAQXWAU5,EHUHEAQXWAU5,LEWIS UNIVERSITY,11,29.3,direct,
146719,Loyola University Chicago,IL,16,RFRPFMNR8LA5| CVNBL4GDUKF3,RFRPFMNR8LA5,LOYOLA UNIVERSITY CHICAGO,160,150.5,direct,
147013,McKendree University,IL,18,V92NBJ823E53,V92NBJ823E53,MCKENDREE UNIVERSITY,4,10.1,direct,
147536,National Louis University,IL,17,N1XKNBG56BM5,N1XKNBG56BM5,NATIONAL LOUIS UNIVERSITY,17,49.2,direct,
147660,North Central College,IL,19,Q9DFEB82TQN5,Q9DFEB82TQN5,NORTH CENTRAL COLLEGE,10,15.6,direct,
147679,North Park University,IL,18,,,,0,0.0,no_awards,
147703,Northern Illinois University,IL,16,M2EEE68GGCY9,M2EEE68GGCY9,NORTHERN ILLINOIS UNIVERSITY,164,172.2,direct,
147767,Northwestern University,IL,15,KG76WYENL5K1|EXZVPWZBLUE8,KG76WYENL5K1,NORTHWESTERN UNIVERSITY,2104,2970.1,direct,
147776,Northeastern Illinois University,IL,18,MR73WF5SHRW4,MR73WF5SHRW4,NORTHEASTERN ILLINOIS UNIVERSITY,62,140.4,direct,
147828,Olivet Nazarene University,IL,18,DS9LLJEWMMC8,DS9LLJEWMMC8,OLIVET NAZARENE UNIVERSITY,2,16.1,direct,
148405,Rockford University,IL,20,M2GBZJ6D3P96,M2GBZJ6D3P96,ROCKFORD UNIVERSITY,3,6.9,direct,
148487,Roosevelt University,IL,17,FH92NMVB8XL6,FH92NMVB8XL6,ROOSEVELT UNIVERSITY,32,68.0,direct,
148496,Dominican University,IL,18,Q6ANYL42TD27,Q6ANYL42TD27,DOMINICAN UNIVERSITY,26,45.0,direct,
148511,Rush University,IL,25,C155UU2TXCP3,C155UU2TXCP3,RUSH UNIVERSITY MEDICAL CENTER,249,457.5,direct,
148584,University of St Francis,IL,17,MJ1CKVL4UL15,MJ1CKVL4UL15,UNIVERSITY OF ST. FRANCIS,7,11.6,direct,
148627,Saint Xavier University,IL,18,SETSHBEJV1M7,SETSHBEJV1M7,SAINT XAVIER UNIVERSITY,10,38.0,direct,
148654,University of Illinois Springfield,IL,18,LMKAF2LNJGP6,LMKAF2LNJGP6,University of Illinois at Springfield,1,0.4,direct,
149222,Southern Illinois University-Carbondale,IL,16,Y28BEBJ4MNU7,Y28BEBJ4MNU7,BOARD OF TRUSTEES OF SOUTHERN ILLINOIS UNIVERSITY,138,100.8,direct,
149231,Southern Illinois University-Edwardsville,IL,17,HQ5NMP5HLL53,HQ5NMP5HLL53,BOARD OF TRUSTEES OF SOUTHERN ILLINOIS UNIVERSITY,57,89.0,direct,
149514,Trinity International University-Illinois,IL,17,E9FVKEDEBQD6,E9FVKEDEBQD6,TRINITY INTERNATIONAL UNIVERSITY,2,5.5,direct,
149772,Western Illinois University,IL,18,N6NKKATPCLM1,N6NKKATPCLM1,WESTERN ILLINOIS UNIVERSITY,18,61.6,direct,
150066,Anderson University,IN,19,SB3RTA7BQRD6,SB3RTA7BQRD6,"ANDERSON UNIVERSITY, INC",2,8.1,direct,
150136,Ball State University,IN,16,YUH3RS7NC4L4,KDP6QKY6QLM1,BALL STATE UNIVERSITY,49,101.1,manual,Different SAM.gov entity
150145,Bethel University,IN,20,SPTDDBB83CL9,SPTDDBB83CL9,BETHEL COLLEGE INC,3,7.3,direct,
150163,Butler University,IN,18,N5NUJNBQHMH6,N5NUJNBQHMH6,BUTLER UNIVERSITY,20,21.9,direct,
150172,Calumet College of Saint Joseph,IN,20,,MGE9NF4R7B34,CALUMET COLLEGE OF SAINT JOSEPH INC,7,12.2,name_match,Keyword match → 'CALUMET COLLEGE OF SAINT JOSEPH INC'
150534,University of Evansville,IN,20,YNNFE39WPGW9,YNNFE39WPGW9,UNIVERSITY OF EVANSVILLE,8,32.0,direct,
150677,Grace College and Theological Seminary,IN,19,GJWXDDE7B9R1,GJWXDDE7B9R1,GRACE SCHOOLS,2,8.1,direct,
150941,Huntington University,IN,20,JYYTMFPZNEF7,JYYTMFPZNEF7,HUNTINGTON UNIVERSITY INC,2,5.3,direct,
151102,Purdue University Fort Wayne,IN,18,YRXVL4JYCEF5,YRXVL4JYCEF5,Purdue University,2842,2424.3,direct,
151111,Indiana University-Indianapolis,IN,16,TA1NYNZ27LQ7,SHHBRBAPSM35,INDIANA UNIVERSITY INDIANAPOLIS,1059,1601.5,manual,Campus files as INDIANA UNIVERSITY INDIANAPOLIS
151263,University of Indianapolis,IN,17,WRJWCFVRM7M5,WRJWCFVRM7M5,UNIVERSITY OF INDIANAPOLIS,7,48.6,direct,
151290,Indiana Institute of Technology,IN,19,MGY9KUXT4PN3,MGY9KUXT4PN3,INDIANA INSTITUTE OF TECHNOLOGY INC,8,26.2,direct,
151306,University of Southern Indiana,IN,18,XGYVA4Y2YAN4,XGYVA4Y2YAN4,UNIVERSITY OF SOUTHERN INDIANA,10,37.2,direct,
151324,Indiana State University,IN,17,WBLRF8Z4BEFG|  KU3ZKBMNEJL3,KU3ZKBMNEJL3,INDIANA STATE UNIVERSITY,4,2.2,secondary_uei,
151342,Indiana University-South Bend,IN,19,HA48EWMJFV47,YH86RTW2YVJ4,Indiana University,855,939.9,manual,Rolls up to Indiana University system UEI
151351,Indiana University-Bloomington,IN,15,YW8WNKKANDR9,YH86RTW2YVJ4,Indiana University,855,939.9,manual,Files under Indiana University system UEI
151360,Indiana University-Northwest,IN,20,HCNBFNDANNV5,YH86RTW2YVJ4,Indiana University,855,939.9,manual,Rolls up to Indiana University system UEI
151379,Indiana University-Southeast,IN,19,X51WYC1QEPD7,YH86RTW2YVJ4,Indiana University,855,939.9,manual,Rolls up to Indiana University system UEI
151388,Indiana University-East,IN,20,HCRDU7BNPZ13,YH86RTW2YVJ4,Indiana University,855,939.9,manual,Rolls up to Indiana University system UEI
151786,Marian University,IN,19,PX7RR8JTNA43,PX7RR8JTNA43,MARIAN UNIVERSITY INC,17,23.8,direct,
151801,Indiana Wesleyan University-Marion,IN,20,L51GEDJK1LG6,L51GEDJK1LG6,INDIANA WESLEYAN UNIVERSITY (MARION COLLEGE),17,41.8,direct,
152080,University of Notre Dame,IN,15,FPU6XGFXMBE9,FPU6XGFXMBE9,University of Notre Dame,881,763.6,direct,
152336,University of Saint Francis-Fort Wayne,IN,18,NQ15CKXYWSR7,NQ15CKXYWSR7,"UNIVERSITY OF SAINT FRANCIS OF FORT WAYNE, INDIANA INC",9,15.3,direct,
152381,Saint Mary-of-the-Woods College,IN,20,LLQ3JDJP1BJ5,LLQ3JDJP1BJ5,SAINT MARY-OF-THE-WOODS COLLEGE,5,5.0,direct,
152567,Trine University,IN,19,JMZ5JWM7FDK4,JMZ5JWM7FDK4,"TRINE UNIVERSITY, INC",4,14.2,direct,
152600,Valparaiso University,IN,17,Q6VQBGLLB2J4,Q6VQBGLLB2J4,Valparaiso University,19,23.4,direct,
153001,Buena Vista University,IA,19,FJHKC4XNMED8,FJHKC4XNMED8,BUENA VISTA UNIVERSITY,4,8.5,direct,
153126,Clarke University,IA,17,KA5MD8VNKP96,KA5MD8VNKP96,"CLARKE UNIVERSITY OF DUBUQUE, IOWA",2,4.0,direct,
153269,Drake University,IA,17,CMXGBGR1SAK1,CMXGBGR1SAK1,Drake University,20,19.0,direct,
153278,University of Dubuque,IA,19,W2P9JX5RHMV5,W2P9JX5RHMV5,UNIVERSITY OF DUBUQUE,7,17.9,direct,
153366,Graceland University-Lamoni,IA,18,DE79ZAF3J4L5,DE79ZAF3J4L5,GRACELAND UNIVERSITY,8,15.2,direct,
153603,Iowa State University,IA,15,DQDBM7FGJPC5|VXJ7DB7NFML3,DQDBM7FGJPC5,IOWA STATE UNIVERSITY OF SCIENCE AND TECHNOLOGY,1501,1231.5,direct,
153658,University of Iowa,IA,15,Z1H9VJS8NG16,Z1H9VJS8NG16,UNIVERSITY OF IOWA,1542,1675.1,direct,
153861,Maharishi International University,IA,18,P78NHUPVXCB4,P78NHUPVXCB4,MAHARISHI INTERNATIONAL UNIVERSITY,4,2.6,direct,
154004,Morningside University,IA,18,J7SRMNEAHD36,J7SRMNEAHD36,MORNINGSIDE UNIVERSITY,9,13.4,direct,
154013,Mount Mercy University,IA,19,HVXGEGDQK9U8,HVXGEGDQK9U8,MOUNT MERCY UNIVERSITY,3,7.6,direct,
154022,Ashford University,CA,18,E7CWEYGA1LQ5,,,0,0.0,no_awards,
154095,University of Northern Iowa,IA,18,PLZ1BS2RC597,PLZ1BS2RC597,UNIVERSITY OF NORTHERN IOWA,53,82.5,direct,
154156,Des Moines University-Osteopathic Medical Center,IA,25,YK3YHF3AAE47,YK3YHF3AAE47,DES MOINES UNIV OSTEOPATHIC MEDICAL CTR,10,6.1,direct,
154235,Saint Ambrose University,IA,18,F6LJRCDFCVT7,F6LJRCDFCVT7,ST. AMBROSE UNIVERSITY,3,11.0,direct,
154493,Upper Iowa University,IA,18,RC6QXW77MA38,RC6QXW77MA38,UPPER IOWA UNIVERSITY,8,15.9,direct,
154518,Waldorf University,IA,19,,,,0,0.0,no_awards,
154688,Baker University,KS,17,LQPQELJDUPP4,LQPQELJDUPP4,Baker University,4,7.9,direct,
155025,Emporia State University,KS,18,YJ4TTT2CRK67,YJ4TTT2CRK67,EMPORIA STATE UNIVERSITY,20,36.5,direct,
155061,Fort Hays State University,KS,18,,DVSMS2BMAK51,FORT HAYS STATE UNIVERSITY,14,53.2,manual,Different SAM.gov entity
155089,Friends University,KS,18,LRRSZLEFMLG5,LRRSZLEFMLG5,FRIENDS UNIVERSITY,4,8.3,direct,
155317,University of Kansas,KS,15,WGK8J9FEKW65,WGK8J9FEKW65,UNIVERSITY OF KANSAS,5,98.5,direct,
155335,Newman University,KS,18,D1WCJLJDLLG1,D1WCJLJDLLG1,"NEWMAN UNIVERSITY, INC",7,11.8,direct,
155399,Kansas State University,KS,15,CFMMM5JM7HJ9| JBBJF1KT9JK3,CFMMM5JM7HJ9,KANSAS STATE UNIVERSITY,847,709.8,direct,
155520,MidAmerica Nazarene University,KS,19,FYNBDWDMRZ44,FYNBDWDMRZ44,MIDAMERICA NAZARENE UNIVERSITY,2,6.7,direct,
155681,Pittsburg State University,KS,18,CFNFM43624X3,CFNFM43624X3,PITTSBURG STATE UNIVERSITY,14,41.8,direct,
155812,University of Saint Mary,KS,19,FTYLWMXBJ9H1,FTYLWMXBJ9H1,"UNIVERSITY OF SAINT MARY, INC.",4,8.2,direct,
155900,Southwestern College,KS,19,SJKCR9F9GS15,SJKCR9F9GS15,SOUTHWESTERN COLLEGE,3,3.8,direct,
156082,Washburn University,KS,17,N3ULCQLVFB48,N3ULCQLVFB48,WASHBURN UNIVERSITY OF TOPEKA,9,32.4,direct,
156125,Wichita State University,KS,16,JKKNZLNYLJ19,JKKNZLNYLJ19,WICHITA STATE UNIVERSITY,231,491.4,direct,
156213,Asbury University,KY,20,CXWFKSLNBE16,CXWFKSLNBE16,ASBURY COLLEGE,2,5.8,direct,
156286,Bellarmine University,KY,17,GQNNW1Q2G3D8,GQNNW1Q2G3D8,BELLARMINE UNIVERSITY INC,10,16.5,direct,
156365,Campbellsville University,KY,18,WTMEJM9EMUM4,WTMEJM9EMUM4,CAMPBELLSVILLE UNIVERSITY INC,8,29.3,direct,
156541,University of the Cumberlands,KY,17,K6NNYBGH1BS8,K6NNYBGH1BS8,UNIVERSITY OF THE CUMBERLANDS INC,3,18.2,direct,
156620,Eastern Kentucky University,KY,18,,K69HFP3FKJ11,EASTERN KENTUCKY UNIVERSITY,27,89.0,name_match,Keyword match → 'EASTERN KENTUCKY UNIVERSITY'
157085,University of Kentucky,KY,15,QUKNKLZ4N889|H1HYA8Z1NTM5,QUKNKLZ4N889,UNIVERSITY OF KENTUCKY,790,1299.9,direct,
157216,Lindsey Wilson College,KY,18,WPCFC778XBU9,WPCFC778XBU9,"LINDSEY WILSON UNIVERSITY, INC.",6,16.9,direct,
157289,University of Louisville,KY,15,E1KJM4T54MK6,E1KJM4T54MK6,UNIVERSITY OF LOUISVILLE,548,630.7,direct,
157377,Midway University,KY,20,K7DNR8U1TL73,K7DNR8U1TL73,"MIDWAY UNIVERSITY, INC",3,5.3,direct,
157386,Morehead State University,KY,18,MRGUP99ZAZ59,MRGUP99ZAZ59,MOREHEAD STATE UNIVERSITY,38,93.0,direct,
157401,Murray State University,KY,18,LHC2S92MXG63,LHC2S92MXG63,MURRAY STATE UNIVERSITY,62,70.0,direct,
157447,Northern Kentucky University,KY,17,LN53C9E23GH6,LN53C9E23GH6,NORTHERN KENTUCKY UNIVERSITY,31,60.0,direct,
157757,Spalding University,KY,17,J3KPEDNN74R6,J3KPEDNN74R6,SPALDING UNIVERSITY INC.,4,7.0,direct,
157793,Sullivan University,KY,18,CCFFAQ34LTN8,CCFFAQ34LTN8,"THE SULLIVAN UNIVERSITY SYSTEM, INC",3,5.9,direct,
157809,Thomas More University,KY,19,W66UNMLC2QN3,W66UNMLC2QN3,THOMAS MORE UNIVERSITY INC,3,8.1,direct,
157863,Union College,KY,20,NBEXCUFNFJC3,NBEXCUFNFJC3,"UNION COMMONWEALTH UNIVERSITY, INC.",8,13.8,direct,
157951,Western Kentucky University,KY,17,U5GMACGETKJ1| MBAQJTF7VBX3,U5GMACGETKJ1,WESTERN KENTUCKY UNIVERSITY,55,94.5,direct,
159009,Grambling State University,LA,18,,GAWTFKJ8ZRC5,GRAMBLING STATE UNIVERSITY,26,194.7,manual,Different SAM.gov entity
159373,Louisiana State University Health Sciences Center-New Orleans,LA,25,,NH77YPDEGG84,HENRY FORD HEALTH + MICHIGAN STATE UNIVERSITY HEALTH SCIENCES,94,107.2,name_match,Keyword match → 'HENRY FORD HEALTH + MICHIGAN STATE UNIVERSITY HEALTH SCIENCES'
159391,Louisiana State University and Agricultural & Mechanical College,LA,15,ECQEYCHRNKJ4,ECQEYCHRNKJ4,Louisiana State University,744,648.2,direct,
159416,Louisiana State University-Shreveport,LA,18,UM19R9XPL1N5,UM19R9XPL1N5,LOUISIANA STATE UNIVERSITY IN SHREVEPORT,4,12.2,direct,
159568,Louisiana Christian University,LA,20,FCGGQ8S8HE75,FCGGQ8S8HE75,LOUISIANA COLLEGE,5,9.0,direct,
159647,Louisiana Tech University,LA,16,PAMDY6DMVVE7,PAMDY6DMVVE7,Louisiana Tech University,80,80.4,direct,
159656,Loyola University New Orleans,LA,17,LCB6RKRFBSC3,LCB6RKRFBSC3,LOYOLA UNIVERSITY NEW ORLEANS,8,23.9,direct,
159717,McNeese State University,LA,18,W2X5N6359N14,W2X5N6359N14,MC NEESE STATE UNIVERSITY,9,38.2,direct,
159939,University of New Orleans,LA,16,CL8JHK1LN291,CL8JHK1LN291,UNIVERSITY OF NEW ORLEANS,70,97.0,direct,
159966,Nicholls State University,LA,18,RNJGSL6JRF56,RNJGSL6JRF56,NICHOLLS STATE UNIVERSITY,7,36.0,direct,
159993,University of Louisiana at Monroe,LA,17,MM1DHXTUKLG8,MM1DHXTUKLG8,UNIVERSITY OF LOUISIANA AT MONROE,27,53.9,direct,
160038,Northwestern State University of Louisiana,LA,18,ETJ2Q8BHVX45,ETJ2Q8BHVX45,NORTHWESTERN STATE UNIVERSITY OF LOUISIANA,1,0.1,direct,
160065,University of Holy Cross,LA,20,P2BZGDPNNQ41,P2BZGDPNNQ41,UNIVERSITY OF HOLY CROSS,3,4.6,direct,
160612,Southeastern Louisiana University,LA,18,WN65S2C48ZJ4,WN65S2C48ZJ4,SOUTHEASTERN LOUISIANA UNIVERSITY,41,118.0,direct,
160621,Southern University and A & M College,LA,18,H7CJA7NX9WN3,H7CJA7NX9WN3,SOUTHERN UNIVERSITY AND A & M COLLEGE,104,346.5,direct,
160630,Southern University at New Orleans,LA,19,RNLTFNJPV5K8,RNLTFNJPV5K8,SOUTHERN UNIV AND A&M COLLEGE SYSTEM,33,138.0,direct,
160658,University of Louisiana at Lafayette,LA,16,DDVFCRNDMPA8|WCGVJ7KFL1L9|C169K7T4QZ96|FENMGK5JH2W1,C169K7T4QZ96,UNIVERSITY OF LOUISIANA AT LAFAYETTE,168,200.4,secondary_uei,
160755,Tulane University of Louisiana,LA,15,XNY5ULPU8EN6,XNY5ULPU8EN6,Tulane University,482,624.3,direct,
160904,Xavier University of Louisiana,LA,20,HGAAKCE3A7P7,HGAAKCE3A7P7,XAVIER UNIVERSITY OF LOUISIANA,76,232.0,direct,
161253,University of Maine,ME,16,PB3AJE5ZEJ59,PB3AJE5ZEJ59,UNIVERSITY OF MAINE SYSTEM,586,598.9,direct,
161457,University of New England,ME,16,HVE6K4YS3B51,HVE6K4YS3B51,UNIVERSITY OF NEW ENGLAND,36,37.1,direct,
161518,Saint Joseph's College of Maine,ME,18,N1WUMCWFFFB3,N1WUMCWFFFB3,TRUSTEES OF ST JOSEPHS COLLEGE,7,7.3,direct,
161554,University of Southern Maine,ME,18,DMLZJTD7WJ94,DMLZJTD7WJ94,UNIVERSITY OF MAINE SYSTEM,63,85.4,direct,
161563,Thomas College,ME,20,HGJBEEKLB553,HGJBEEKLB553,THOMAS COLLEGE,7,10.8,direct,
161873,University of Baltimore,MD,18,K8YZD49K8PK3,,,0,0.0,no_awards,Distinct from U of Maryland Baltimore; not found in awards DB
162007,Bowie State University,MD,18,E8EUZJGVBEK6,WMEEHCAPGR65,BOWIE STATE UNIVERSITY,76,225.3,manual,Different SAM.gov entity
162210,Washington Adventist University,MD,20,YMP8VGL4TMK8,YMP8VGL4TMK8,"WASHINGTON ADVENTIST UNIVERSITY, INCORPORATED",4,8.1,direct,
162283,Coppin State University,MD,20,THKNELBAWJG7,THKNELBAWJG7,COPPIN STATE UNIVERSITY,24,53.8,direct,
162584,Frostburg State University,MD,18,K34VVMXE8MK5,K34VVMXE8MK5,Frostburg State University,1,0.4,direct,
162760,Hood College,MD,18,Z33BKKJSLZV5,Z33BKKJSLZV5,"HOOD COLLEGE OF FREDERICK, MARYLAND",16,10.2,direct,
162928,Johns Hopkins University,MD,15,FTMTDMBR29C7,FTMTDMBR29C7,JOHNS HOPKINS UNIVERSITY,5304,7118.9,direct,
163046,Loyola University Maryland,MD,18,,,,0,0.0,no_awards,
163204,University of Maryland Global Campus,MD,18,FSWXHDLLZBD3,FSWXHDLLZBD3,UNIVERSITY OF MARYLAND GLOBAL CAMPUS,4,53.2,direct,
163259,"University of Maryland, Baltimore",MD,25,Z9CRZKD42ZT1,Z9CRZKD42ZT1,UNIVERSITY OF MARYLAND BALTIMORE,1093,1505.5,direct,
163268,University of Maryland-Baltimore County,MD,16,RNKYWXURFRL5,RNKYWXURFRL5,UNIVERSITY OF MARYLAND BALTIMORE COUNTY,535,473.3,direct,
163286,University of Maryland-College Park,MD,15,EX6HSTUA2KN8,NPU8ULVAAS23,"UNIVERSITY OF MARYLAND, COLLEGE PARK",2809,3241.5,manual,"Files as UNIVERSITY OF MARYLAND, COLLEGE PARK"
163338,University of Maryland Eastern Shore,MD,16,LNUBJQ26R2M5,LNUBJQ26R2M5,UNIVERSITY OF MARYLAND ES,223,294.9,direct,
163453,Morgan State University,MD,16,KULSKCCZJT27,KULSKCCZJT27,MORGAN STATE UNIVERSITY,239,437.5,direct,
163462,Mount St. Mary's University,MD,19,QFHXJFV1UH78,QFHXJFV1UH78,"MOUNT SAINT MARY'S UNIVERSITY, INC.",8,15.5,direct,
163578,Notre Dame of Maryland University,MD,18,,J221RK5FMG94,"NOTRE DAME OF MARYLAND UNIVERSITY, INC.",6,9.3,name_match,"Keyword match → 'NOTRE DAME OF MARYLAND UNIVERSITY, INC.'"
163851,Salisbury University,MD,18,D69GS8RKHG25,D69GS8RKHG25,SALISBURY UNIVERSITY,28,46.4,direct,
164076,Towson University,MD,17,LC3SFMP2L798,LC3SFMP2L798,TOWSON UNIVERSITY,65,121.3,direct,
164173,Stevenson University,MD,18,CVFMED5XEAG7,CVFMED5XEAG7,STEVENSON UNIVERSITY INC.,3,13.8,direct,
164270,McDaniel College,MD,18,N1J2EQWFGAU9,N1J2EQWFGAU9,MCDANIEL COLLEGE INC,3,9.1,direct,
164447,American International College,MA,18,RMN5P8PELHU1,RMN5P8PELHU1,AMERICAN INTERNATIONAL COLLEGE,5,14.8,direct,
164492,Anna Maria College,MA,19,FB9VJ1KS1W48,,,0,0.0,no_awards,
164562,Assumption University,MA,19,LCC3J3MGFGQ3,LCC3J3MGFGQ3,ASSUMPTION UNIVERSITY,11,10.8,direct,
164632,Bay Path University,MA,18,CYCXDDJXQKZ8,CYCXDDJXQKZ8,BAY PATH UNIVERSITY,8,15.7,direct,
164739,Bentley University,MA,18,,N6DAMDJXFJ65,Bentley University,14,17.2,manual,Different SAM.gov entity
164924,Boston College,MA,15,MJ3JH8CRJBZ7,MJ3JH8CRJBZ7,Boston College,355,266.9,direct,
164988,Boston University,MA,15,THL6A6JLE1S7| FBYMGMHW4X95,THL6A6JLE1S7,TRUSTEES OF BOSTON UNIVERSITY,1198,985.0,direct,
165015,Brandeis University,MA,15,JLC9RHNT9479,JLC9RHNT9479,BRANDEIS UNIVERSITY,164,228.5,direct,
165024,Bridgewater State University,MA,18,LKA6VHCCK9B4,LKA6VHCCK9B4,BRIDGEWATER STATE UNIVERSITY,20,61.9,direct,
165167,Cambridge College,MA,18,ZLGNS2NAGH26,,,0,0.0,no_awards,
165334,Clark University,MA,16,LD3WUVEUK2N5,LD3WUVEUK2N5,Clark University,62,34.1,direct,
165529,Curry College,MA,19,METJDJ19GJA5,METJDJ19GJA5,CURRY COLLEGE,4,11.3,direct,
165662,Emerson College,MA,18,JQMBE83BZHY6,JQMBE83BZHY6,EMERSON COLLEGE,6,14.0,direct,
165699,Endicott College,MA,18,DV4MRDZ4WE76,DV4MRDZ4WE76,ENDICOTT COLLEGE,5,11.6,direct,
165820,Fitchburg State University,MA,18,RHN6A3PEC8A7,RHN6A3PEC8A7,FITCHBURG STATE UNIVERSITY,17,37.7,direct,
165866,Framingham State University,MA,18,SALGGFMNG2X5,SALGGFMNG2X5,FRAMINGHAM STATE UNIVERSITY,12,29.8,direct,
166027,Harvard University,MA,15,LN53LCFJFL45|UNVDZNFA8R29|JDLVAVGYJQ21,LN53LCFJFL45,Harvard University,1235,1396.8,direct,
166391,Lasell University,MA,19,QRYQH13149U8,QRYQH13149U8,LASELL UNIVERSITY,4,10.9,direct,
166452,Lesley University,MA,17,UJSLXBGQB4B9,UJSLXBGQB4B9,LESLEY UNIVERSITY,3,14.5,direct,
166513,University of Massachusetts-Lowell,MA,16,LTNVSTJ3R6D5,LTNVSTJ3R6D5,UNIVERSITY OF MASSACHUSETTS LOWELL,346,291.9,direct,
166629,University of Massachusetts-Amherst,MA,15,VGJHK59NMPK9,VGJHK59NMPK9,University of Massachusetts Amherst,1190,924.7,direct,
166638,University of Massachusetts-Boston,MA,16,CGCDJ24JJLZ1,CGCDJ24JJLZ1,UNIVERSITY OF MASS AT BOSTON,242,286.9,direct,
166683,Massachusetts Institute of Technology,MA,15,E2NYLCDML6V1,E2NYLCDML6V1,MASSACHUSETTS INSTITUTE OF TECHNOLOGY,2103,2457.1,direct,
166708,University of Massachusetts Chan Medical School,MA,25,MQE2JHHJW9Q8,MQE2JHHJW9Q8,UNIV OF MASSACHUSETTS MED SCH WORCESTER,889,1397.3,direct,
166850,Merrimack College,MA,18,QHNZEGD6NWL5,QHNZEGD6NWL5,MERRIMACK COLLEGE,13,21.6,direct,
167358,Northeastern University,MA,15,HLTMVS2JZBS6,HLTMVS2JZBS6,Northeastern University,1060,891.8,direct,
167394,College of Our Lady of the Elms,MA,19,C98LPHRHN3B1,C98LPHRHN3B1,THE TRUSTEES OF THE COLLEGE OF OUR LADY OF THE ELMS,6,9.8,direct,
167729,Salem State University,MA,18,P2EJM45BLZN6,P2EJM45BLZN6,SALEM STATE UNIVERSITY,14,50.9,direct,
167783,Simmons University,MA,17,SAKCL8BJ6DL9,SAKCL8BJ6DL9,SIMMONS UNIVERSITY,10,13.0,direct,
167899,Springfield College,MA,18,NCLFYC9NEJE5,NCLFYC9NEJE5,SPRINGFIELD COLLEGE,4,21.0,direct,
167987,University of Massachusetts-Dartmouth,MA,16,PMMKPCKNN9R2,PMMKPCKNN9R2,UNIVERSITY OF MASSACHUSETTS DARTMOUTH,174,125.0,direct,
168005,Suffolk University,MA,18,EYKDJZZMDGA7,EYKDJZZMDGA7,SUFFOLK UNIVERSITY,20,36.6,direct,
168148,Tufts University,MA,15,WL9FLBRVPJJ7|C1F5LNUF7W86,WL9FLBRVPJJ7,Tufts University,427,328.5,direct,
168227,Wentworth Institute of Technology,MA,19,NDWSAHDCNFJ8,NDWSAHDCNFJ8,Wentworth Institute of Tech,6,23.5,direct,
168254,Western New England University,MA,17,J6QJVY8JCQH3,J6QJVY8JCQH3,Western New England University,18,19.5,direct,
168263,Westfield State University,MA,19,FBWJGR5FGMM9,FBWJGR5FGMM9,WESTFIELD STATE UNIVERSITY,13,33.4,direct,
168421,Worcester Polytechnic Institute,MA,16,HJNQME41NBU4,HJNQME41NBU4,Worcester Polytechnic Institute,302,258.1,direct,
168430,Worcester State University,MA,18,W1EJJYFJEN59,W1EJJYFJEN59,WORCESTER STATE UNIVERSITY,13,27.8,direct,
168740,Andrews University,MI,17,WWFJD3WZ9MM8,QXJLKBKFT4H7,ANDREWS UNIVERSITY,10,12.9,manual,Different SAM.gov entity
168847,Baker College,MI,18,EGX1XKSKHJ59,,,0,0.0,no_awards,
169080,Calvin University,MI,20,NNLQK7LNGL93,NNLQK7LNGL93,CALVIN UNIVERSITY,18,19.4,direct,
169248,Central Michigan University,MI,16,JJDYK36PRTL5| QYNUMJ2T1E13,JJDYK36PRTL5,CENTRAL MICHIGAN UNIVERSITY,103,169.9,direct,
169479,Davenport University,MI,18,PLJ7KB6RV394,PLJ7KB6RV394,DAVENPORT UNIVERSITY,9,29.6,direct,
169716,University of Detroit Mercy,MI,17,ZAX4T6ANZ3J1,ZAX4T6ANZ3J1,UNIVERSITY OF DETROIT MERCY,22,45.3,direct,
169798,Eastern Michigan University,MI,16,DZULG7BL99K4| DHMTKFMRJ3X3| STFNT4KCCDU3,STFNT4KCCDU3,EASTERN MICHIGAN UNIVERSITY,56,115.5,secondary_uei,
169910,Ferris State University,MI,17,F7EQFJDU4495,F7EQFJDU4495,FERRIS STATE UNIVERSITY,20,66.1,direct,
169983,Kettering University,MI,19,c8k8eghc6cw9,C8K8EGHC6CW9,Kettering University,10,10.9,case_fix,"IPEDS stored as 'c8k8eghc6cw9', normalized to 'C8K8EGHC6CW9'"
170037,Cornerstone University,MI,19,QPG8AQM8B2G6,QPG8AQM8B2G6,CORNERSTONE UNIVERSITY,3,9.1,direct,
170082,Grand Valley State University,MI,18,Y2M5HUXKJPF1,Y2M5HUXKJPF1,GRAND VALLEY STATE UNIVERSITY,67,150.5,direct,
170675,Lawrence Technological University,MI,18,PF53FKHZST32,PF53FKHZST32,Lawrence Technological University,30,15.4,direct,
170806,Madonna University,MI,18,UMTMQNPXWHR6,UMTMQNPXWHR6,MADONNA UNIVERSITY,7,13.6,direct,
170976,University of Michigan-Ann Arbor,MI,15,GNJ7BBP73WE9,GNJ7BBP73WE9,UNIVERSITY OF MICHIGAN AT ANN ARBOR,5944,6997.1,direct,
171100,Michigan State University,MI,15,R28EKN92ZTZ9,R28EKN92ZTZ9,MICHIGAN STATE UNIVERSITY,1753,2729.8,direct,
171128,Michigan Technological University,MI,16,GKMSN3DA6P91,GKMSN3DA6P91,MICHIGAN TECHNOLOGICAL UNIVERSITY,333,226.7,direct,
171137,University of Michigan-Dearborn,MI,18,RY78VSF6P4G3,RY78VSF6P4G3,Regents of the University of Michigan - Dearborn,62,64.3,direct,
171146,University of Michigan-Flint,MI,17,L8QSLB2KCRE5,L8QSLB2KCRE5,Regents of the University of Michigan - Flint,24,41.8,direct,
171456,Northern Michigan University,MI,19,M6MUFMANCJC7,M6MUFMANCJC7,NORTHERN MICHIGAN UNIVERSITY,26,48.1,direct,
171571,Oakland University,MI,16,HJTLACN81NK1,HJTLACN81NK1,Oakland University,119,137.0,direct,
172051,Saginaw Valley State University,MI,18,EBHMCN784G86,EBHMCN784G86,SAGINAW VALLEY STATE UNIVERSITY,10,46.0,direct,
172264,Siena Heights University,MI,20,MWDJL1AEUNW5,MWDJL1AEUNW5,SIENA HEIGHTS UNIVERSITY,14,20.1,direct,
172334,Spring Arbor University,MI,18,,XGNMJKVMLEP3,SPRING ARBOR UNIVERSITY,3,9.4,name_match,Keyword match → 'SPRING ARBOR UNIVERSITY'
172644,Wayne State University,MI,15,M6K6NTJ2MNE5,M6K6NTJ2MNE5,WAYNE STATE UNIVERSITY,683,736.8,direct,
172699,Western Michigan University,MI,16,J7WULLYGFRH1,J7WULLYGFRH1,WESTERN MICHIGAN UNIVERSITY,136,243.2,direct,
173045,Augsburg University,MN,18,H9TECNLDPD79,H9TECNLDPD79,AUGSBURG UNIVERSITY,18,28.0,direct,
173124,Bemidji State University,MN,20,QKBNWJKG79K1,QKBNWJKG79K1,MINNESOTA STATE COLLEGES & UNIVERSITIES,15,36.6,direct,
173160,Bethel University,MN,17,RDG1PW7YKSM9,RDG1PW7YKSM9,Bethel University,7,13.9,direct,
173328,Concordia University-Saint Paul,MN,18,YGV4KC77D6N5,YGV4KC77D6N5,"CONCORDIA UNIVERSITY, ST. PAUL",3,11.4,direct,
173665,Hamline University,MN,18,Z3NEG76HUKC1,Z3NEG76HUKC1,TRUSTEES OF THE HAMLINE UNIVERSITY OF MINNESOTA,9,17.9,direct,
173920,Minnesota State University-Mankato,MN,18,R5YNEHC2NA98,R5YNEHC2NA98,MINNESOTA STATE UNIVERSITY MANKATO,34,72.5,direct,
173957,Mayo Clinic College of Medicine and Science,MN,25,T2NLSKHGK873,,,0,0.0,no_awards,
174020,Metropolitan State University,MN,17,RPHKMZZNJN93,RPHKMZZNJN93,MINNESOTA STATE COLLEGES & UNIVERSITIES,20,52.2,direct,
174066,University of Minnesota-Twin Cities,MN,15,KABJZBBJ4B54,KABJZBBJ4B54,UNIVERSITY OF MINNESOTA,3716,4239.3,direct,
174233,University of Minnesota-Duluth,MN,19,LPCTM8BS8NF3,LPCTM8BS8NF3,University of Minnesota Duluth,62,15.8,direct,
174358,Minnesota State University Moorhead,MN,19,ME3EGKJW67P5,ME3EGKJW67P5,MINNESOTA STATE UNIVERSITY MOORHEAD,10,27.3,direct,
174491,University of Northwestern-St Paul,MN,19,FLVCWFZ2KGS5,FLVCWFZ2KGS5,UNIVERSITY OF NORTHWESTERN-ST PAUL,2,6.9,direct,
174783,Saint Cloud State University,MN,18,H6FKLVNVQWL4,QJ1NBA1JTPA3,ST. CLOUD STATE UNIVERSITY,15,57.1,manual,Files as ST. CLOUD STATE UNIVERSITY
174817,Saint Mary's University of Minnesota,MN,18,K8F4C6VG5MX5,K8F4C6VG5MX5,SAINT MARYS UNIVERSITY OF MINNESOTA,4,11.0,direct,
174862,Crown College,MN,20,UHMRTL7ASH37,UHMRTL7ASH37,CROWN COLLEGE,3,3.1,direct,
174899,The College of Saint Scholastica,MN,17,ZXADPB9Q8S65,ZXADPB9Q8S65,"COLLEGE OF ST. SCHOLASTICA, INC.",24,40.1,direct,
174914,University of St Thomas,MN,17,LVV9V64A8449,LVV9V64A8449,UNIVERSITY OF ST. THOMAS,13,40.5,direct,
175005,St Catherine University,MN,17,rqj5km1lq935,RQJ5KM1LQ935,ST. CATHERINE UNIVERSITY,16,32.4,case_fix,"IPEDS stored as 'rqj5km1lq935', normalized to 'RQJ5KM1LQ935'"
175078,Southwest Minnesota State University,MN,19,X798JG8HSM11,X798JG8HSM11,MINNESOTA STATE COLLEGES & UNIVERSITIES,8,17.7,direct,
175272,Winona State University,MN,20,MQBGMELWH9M3,MQBGMELWH9M3,WINONA STATE UNIVERSITY,20,38.7,direct,
175342,Alcorn State University,MS,19,JBCNNCHJVYC8,JBCNNCHJVYC8,ALCORN STATE UNIVERSITY,151,240.3,direct,
175421,Belhaven University,MS,18,Q455CMG64AA4,Q455CMG64AA4,BELHAVEN UNIVERSITY,4,15.3,direct,
175616,Delta State University,MS,18,K6K5WKBAYGQ1,K6K5WKBAYGQ1,DELTA STATE UNIVERSITY,20,40.3,direct,
175856,Jackson State University,MS,16,WFVHMSF6BU45,WFVHMSF6BU45,JACKSON STATE UNIVERSITY,160,373.9,direct,
176017,University of Mississippi,MS,15,G1THVER8BNL4,G1THVER8BNL4,THE UNIVERSITY OF MISSISSIPPI,289,362.4,direct,
176035,Mississippi University for Women,MS,19,ZLGAMJE8YBN3,ZLGAMJE8YBN3,MISSISSIPPI UNIVERSITY FOR WOMEN,5,15.2,direct,
176044,Mississippi Valley State University,MS,20,R597J3LBFG58,R597J3LBFG58,MISSISSIPPI VALLEY STATE UNIVERSITY,27,112.9,direct,
176053,Mississippi College,MS,17,DJW8S7A971Z8,DJW8S7A971Z8,MISSISSIPPI COLLEGE,3,16.4,direct,
176080,Mississippi State University,MS,15,NTXJM52SHKS7,NTXJM52SHKS7,MISSISSIPPI STATE UNIVERSITY,833,833.7,direct,
176372,University of Southern Mississippi,MS,15,,M1K8LJAET5R1,THE UNIVERSITY OF SOUTHERN MISSISSIPPI,228,342.8,name_match,Keyword match → 'THE UNIVERSITY OF SOUTHERN MISSISSIPPI'
176479,William Carey University,MS,17,ZS3ZMLQ2HDQ5,ZS3ZMLQ2HDQ5,WILLIAM CAREY UNIVERSITY,4,17.8,direct,
176628,Avila University,MO,19,DGXAZ2M51UL3,DGXAZ2M51UL3,AVILA UNIVERSITY,13,19.2,direct,
176965,University of Central Missouri,MO,18,X25YXXV3PNA6|J5HWZ6H6UAK5,J5HWZ6H6UAK5,UNIVERSITY OF CENTRAL MISSOURI,15,53.0,secondary_uei,
177065,Columbia College,MO,18,E4VXHQEYATL4,E4VXHQEYATL4,COLUMBIA COLLEGE,8,38.3,direct,
177214,Drury University,MO,19,G8ECAMD9YGC4,G8ECAMD9YGC4,DRURY UNIVERSITY,6,20.0,direct,
177339,Evangel University,MO,19,VH85H15FGKW6,VH85H15FGKW6,EVANGEL UNIVERSITY OF THE ASSEMBLIES OF GOD,3,10.4,direct,
177418,Fontbonne University,MO,18,MFSYPLXNC5Y5,MFSYPLXNC5Y5,FONTBONNE UNIVERSITY,7,10.1,direct,
177834,A T Still University of Health Sciences,MO,25,GJ8XNYA4Z8T9,GJ8XNYA4Z8T9,A. T. STILL UNIVERSITY OF HEALTH SCIENCES,3,3.3,direct,
177968,Lindenwood University,MO,17,R5NLU8N9K7A5,,,0,0.0,no_awards,
178059,Maryville University of Saint Louis,MO,17,HTJDGRK9M8J3,HTJDGRK9M8J3,MARYVILLE UNIVERSITY OF SAINT LOUIS,2,16.8,direct,
178244,Missouri Baptist University,MO,18,LKCLTEAZYHK4,LKCLTEAZYHK4,MISSOURI BAPTIST UNIVERSITY,3,11.3,direct,
178387,Missouri Western State University,MO,19,M85GDH8N7U74,M85GDH8N7U74,MISSOURI WESTERN STATE UNIVERSITY,7,24.2,direct,
178396,University of Missouri-Columbia,MO,15,RF84GNMDYBH8,RF84GNMDYBH8,UNIVERSITY OF MISSOURI,3,0.1,direct,
178402,University of Missouri-Kansas City,MO,16,J9CDGR596MN3,J9CDGR596MN3,UNIVERSITY OF MISSOURI KANSAS CITY,135,155.8,direct,
178411,Missouri University of Science and Technology,MO,16,Y6MGH342N169,Y6MGH342N169,Missouri University of Science and Technology,298,207.0,direct,
178420,University of Missouri-St Louis,MO,16,EB8BUHSGKTS8|GWCTP4CQ1E65,GWCTP4CQ1E65,University of Missouri-Saint Louis,53,77.3,secondary_uei,
178615,Truman State University,MO,19,LGYHDDY8BCD7,LGYHDDY8BCD7,TRUMAN STATE UNIVERSITY,9,26.5,direct,
178624,Northwest Missouri State University,MO,18,NA5UHAGAF7N7,NA5UHAGAF7N7,NORTHWEST MISSOURI STATE UNIVERSITY,14,41.2,direct,
178721,Park University,MO,18,Z6RMFND8KLN9,Z6RMFND8KLN9,PARK UNIVERSITY,2,22.4,direct,
179043,Rockhurst University,MO,18,FLKBB6PP15C8,FLKBB6PP15C8,Rockhurst University,5,10.7,direct,
179159,Saint Louis University,MO,16,JNBLLTBTLLD8,JNBLLTBTLLD8,SAINT LOUIS UNIVERSITY,268,256.9,direct,
179326,Southwest Baptist University,MO,19,GD85PD8AR8L6,GD85PD8AR8L6,SOUTHWEST BAPTIST UNIVERSITY,3,14.0,direct,
179548,Stephens College,MO,20,EBYVJ3MCKDC5,EBYVJ3MCKDC5,STEPHENS COLLEGE,4,4.3,direct,
179557,Southeast Missouri State University,MO,18,SLW1H99F22C3,SLW1H99F22C3,SOUTHEAST MISSOURI STATE UNIVERSITY,21,52.2,direct,
179566,Missouri State University-Springfield,MO,17,CL7KJX2VFHS9,CL7KJX2VFHS9,MISSOURI STATE UNIVERSITY,85,211.0,direct,
179812,Kansas City University,MO,25,JQJKSNCSTNC8,JQJKSNCSTNC8,KANSAS CITY UNIVERSITY,6,3.7,direct,
179867,Washington University in St Louis,MO,15,L6NFUM28LQM5,L6NFUM28LQM5,WASHINGTON UNIVERSITY,3327,4627.8,direct,
179894,Webster University,MO,18,Q9GDDQV47MX7,Q9GDDQV47MX7,WEBSTER UNIVERSITY,10,26.6,direct,
179964,William Woods University,MO,17,MM9SZP6YM8E5,MM9SZP6YM8E5,WILLIAM WOODS UNIVERSITY,2,5.0,direct,
180179,Montana State University Billings,MT,19,QTK9XER73JG4,QTK9XER73JG4,MONTANA STATE UNIVERSITY -BILLINGS,5,2.5,direct,
180416,Montana Technological University,MT,20,JJKGF97BMBE1,JJKGF97BMBE1,MONTANA TECHNOLOGICAL UNIVERSITY,40,104.5,direct,
180461,Montana State University,MT,15,EJ3UF7TK8RT5,EJ3UF7TK8RT5,MONTANA STATE UNIVERSITY,673,708.6,direct,
180489,The University of Montana,MT,16,DAY7Z8ZD48Q3,DAY7Z8ZD48Q3,UNIVERSITY OF MONTANA,318,299.8,direct,
180595,Rocky Mountain College,MT,20,QNN2SJRQXTE1,QNN2SJRQXTE1,ROCKY MOUNTAIN COLLEGE,6,9.7,direct,
180814,Bellevue University,NE,18,,,,0,0.0,no_awards,
180948,Chadron State College,NE,19,NHF2BSXNCCK9,NHF2BSXNCCK9,CHADRON STATE COLLEGE,9,13.6,direct,
180984,Concordia University-Nebraska,NE,18,E31FF5WXA1S8,E31FF5WXA1S8,CONCORDIA UNIVERSITY,2,5.7,direct,
181002,Creighton University,NE,17,NH64NT271S93,NH64NT271S93,CREIGHTON UNIVERSITY,99,107.5,direct,
181215,University of Nebraska at Kearney,NE,18,JD2AKUCDBVV9,JD2AKUCDBVV9,UNIVERSITY OF NEBRASKA,13,30.3,direct,
181330,Midland University,NE,20,,,,0,0.0,no_awards,
181394,University of Nebraska at Omaha,NE,16,FZRNFQTKADH1,FZRNFQTKADH1,University of Nebraska at Omaha,108,135.7,direct,
181428,University of Nebraska Medical Center,NE,25,G15AG3BLLMH4,G15AG3BLLMH4,UNIVERSITY OF NEBRASKA MEDICAL CENTER,516,672.9,direct,
181446,Nebraska Wesleyan University,NE,19,E7GTVH4FB2J7,E7GTVH4FB2J7,NEBRASKA WESLEYAN UNIVERSITY,4,9.9,direct,
181464,University of Nebraska-Lincoln,NE,15,HTQ6K6NJFHA6,HTQ6K6NJFHA6,BOARD OF REGENTS OF THE UNIVERSITY OF NEBRASKA,1259,1107.7,direct,
181534,Peru State College,NE,19,SLLASFNXUTG3,SLLASFNXUTG3,PERU STATE COLLEGE,5,9.2,direct,
181604,College of Saint Mary,NE,19,N3GHN8CT8T54,N3GHN8CT8T54,COLLEGE OF SAINT MARY,5,7.6,direct,
181783,Wayne State College,NE,19,FXG7YJB55WB7,FXG7YJB55WB7,WAYNE STATE COLLEGE,10,22.3,direct,
182281,University of Nevada-Las Vegas,NV,15,DLUTVJJ15U66,DLUTVJJ15U66,University of Nevada Las Vegas,178,110.1,direct,
182290,University of Nevada-Reno,NV,15,,WLDGTNCFFJZ3,"Board of Regents, NSHE, obo University of Nevada, Reno",386,294.3,manual,"Files as Board of Regents, NSHE, obo University of Nevada, Reno"
182670,Dartmouth College,NH,15,EB8ASJBCFER9,EB8ASJBCFER9,DARTMOUTH COLLEGE,780,849.9,direct,
182795,Franklin Pierce University,NH,19,GGYDNM8YGRN3,GGYDNM8YGRN3,FRANKLIN PIERCE UNIVERSITY,4,8.4,direct,
182980,New England College,NH,18,DB2SDPZG23C6,DB2SDPZG23C6,NEW ENGLAND COLLEGE,8,15.2,direct,
183026,Southern New Hampshire University,NH,18,FF41YLW75DH6,FF41YLW75DH6,SOUTHERN NEW HAMPSHIRE UNIVERSITY,8,118.7,direct,
183044,University of New Hampshire-Main Campus,NH,15,JFGHAVYHRK44,GBNGC495XA67,UNIVERSITY SYSTEM OF NEW HAMPSHIRE,671,665.4,manual,Files under University System of New Hampshire
183080,Plymouth State University,NH,18,UBMNENVNWJM3,UBMNENVNWJM3,UNIVERSITY SYSTEM OF NEW HAMPSHIRE,12,27.2,direct,
183211,Rivier University,NH,18,D6XNSNYVF2H1,D6XNSNYVF2H1,RIVIER UNIVERSITY,2,5.8,direct,
183257,University of New Hampshire College of Professional Studies Online,NH,20,JFGHAVYHRK44,GBNGC495XA67,UNIVERSITY SYSTEM OF NEW HAMPSHIRE,671,665.4,manual,Same system UEI as UNH main campus
183910,Caldwell University,NJ,19,R944EMRC7JN5,R944EMRC7JN5,CALDWELL UNIVERSITY INC,8,19.5,direct,
183974,Centenary University,NJ,19,736165910000,,,0,0.0,no_awards,
184603,Fairleigh Dickinson University-Metropolitan Campus,NJ,18,KYWWQMMM1PZ4,KYWWQMMM1PZ4,FAIRLEIGH DICKINSON UNIVERSITY,13,40.2,direct,
184612,Felician University,NJ,19,C1EKLPFHLRL9,C1EKLPFHLRL9,"FELICIAN UNIVERSITY, A NEW JERSEY NONPROFIT CORPORATION",10,22.5,direct,
184694,Fairleigh Dickinson University-Florham Campus,NJ,18,UANQK7MJM8J5,KYWWQMMM1PZ4,FAIRLEIGH DICKINSON UNIVERSITY,13,40.2,manual,Files as FAIRLEIGH DICKINSON UNIVERSITY
184773,Georgian Court University,NJ,19,VYLLX7R97538,VYLLX7R97538,GEORGIAN COURT UNIVERSITY,9,18.7,direct,
184782,Rowan University,NJ,16,DMDEQP66JL85| CQZJLF6Y8M73| DMDEQP66JL85| R7VKMAJ32JD3,DMDEQP66JL85,Rowan University,197,182.0,direct,
185129,New Jersey City University,NJ,18,,FU7YL2GAWHY3,NEW JERSEY CITY UNIVERSITY,20,72.9,manual,Different SAM.gov entity
185262,Kean University,NJ,18,SQ62WM5KNSV8,SQ62WM5KNSV8,KEAN UNIVERSITY,37,107.6,direct,
185572,Monmouth University,NJ,18,LYJHZTJK19D4,LYJHZTJK19D4,MONMOUTH UNIVERSITY INC,9,29.1,direct,
185590,Montclair State University,NJ,16,FJB8EDJLBNF3,CM4TTRKFCLF9,Montclair State University,101,167.5,manual,Different SAM.gov entity
185828,New Jersey Institute of Technology,NJ,15,SGBMHQ7VXNH5,SGBMHQ7VXNH5,New Jersey Institute of Technology,464,294.4,direct,
186131,Princeton University,NJ,15,NJ1YPQXQG7U5,NJ1YPQXQG7U5,Princeton University,1322,1243.9,direct,
186201,Ramapo College of New Jersey,NJ,19,GJRVLJEK7H53,GJRVLJEK7H53,RAMAPO COLLEGE OF NEW JERSEY,24,38.8,direct,
186283,Rider University,NJ,18,N4KREMF5G8R8,N4KREMF5G8R8,RIDER UNIVERSITY A NEW JERSEY NON-PROFIT CORP,12,27.0,direct,
186371,Rutgers University-Camden,NJ,16,MPJFHQ7SMNH1,MPJFHQ7SMNH1,Rutgers University Camden,51,28.1,direct,
186380,Rutgers University-New Brunswick,NJ,15,M1LVPE5GLSD9|YVVTQD8CJC79,M1LVPE5GLSD9,Rutgers University New Brunswick,1271,1429.0,direct,
186399,Rutgers University-Newark,NJ,16,T3NGNR66YK89,T3NGNR66YK89,Rutgers University Newark,177,144.0,direct,
186432,Saint Peter's University,NJ,18,JQQDRDJSWFE1,JQQDRDJSWFE1,"SAINT PETER'S UNIVERSITY, A NEW JERSEY NONPROFIT CORPORATION",14,43.4,direct,
186584,Seton Hall University,NJ,16,HHVJKY3ULQV6| FTHBX1N7LTG9,HHVJKY3ULQV6,SETON HALL UNIVERSITY,22,46.8,direct,
186618,Saint Elizabeth University,NJ,19,J29MF78RN2M3,J29MF78RN2M3,SAINT ELIZABETH UNIVERSITY,7,9.5,direct,
186867,Stevens Institute of Technology,NJ,16,,JJ6CN5Y5A2R5,Stevens Institute of Technology,271,137.1,manual,Different SAM.gov entity
186876,Stockton University,NJ,18,WCNKMBVN2CB9,WCNKMBVN2CB9,STOCKTON UNIVERSITY,15,60.1,direct,
187046,Thomas Edison State University,NJ,19,G17MHG61WAH1,G17MHG61WAH1,THOMAS EDISON STATE UNIVERSITY,6,2.3,direct,
187134,The College of New Jersey,NJ,18,E4UZBXLPA2V3,E4UZBXLPA2V3,COLLEGE OF NEW JERSEY,47,49.1,direct,
187444,William Paterson University of New Jersey,NJ,18,,JKA4BD459953,WILLIAM PATERSON UNIVERSITY OF NEW JERSEY,37,86.0,name_match,Keyword match → 'WILLIAM PATERSON UNIVERSITY OF NEW JERSEY'
187648,Eastern New Mexico University-Main Campus,NM,18,SQKAJJMZ2B42,SQKAJJMZ2B42,EASTERN NEW MEXICO UNIVERSITY,22,43.4,direct,
187897,New Mexico Highlands University,NM,18,,N9GLBGC6U6M1,NEW MEXICO HIGHLANDS UNIVERSITY,40,53.2,name_match,Keyword match → 'NEW MEXICO HIGHLANDS UNIVERSITY'
187967,New Mexico Institute of Mining and Technology,NM,20,HZJ2JZUALWN4,HZJ2JZUALWN4,NEW MEXICO INSTITUTE OF MINING AND TECHNOLOGY,138,298.8,direct,
187985,University of New Mexico-Main Campus,NM,15,F6XLTRUQJEN4,F6XLTRUQJEN4,UNIVERSITY OF NEW MEXICO,655,617.6,direct,
188030,New Mexico State University-Main Campus,NM,16,J3M5GZAT8N85,J3M5GZAT8N85,NEW MEXICO STATE UNIVERSITY,687,599.3,direct,
188182,University of the Southwest,NM,19,,,,0,0.0,no_awards,
188304,Western New Mexico University,NM,18,VRBCEWA54AK5,VRBCEWA54AK5,WESTERN NEW MEXICO UNIVERSITY,11,19.4,direct,
188429,Adelphi University,NY,17,JT8UHL4E3QM1,JT8UHL4E3QM1,ADELPHI UNIVERSITY,18,36.0,direct,
188580,Albany Medical College,NY,25,NQ8NEFGM88H5,G6VVMPNK4Y48,ALBANY MEDICAL COLLEGE,96,94.0,name_match,Keyword match → 'ALBANY MEDICAL COLLEGE'
188641,Alfred University,NY,18,J1B5PBG573T1,J1B5PBG573T1,ALFRED UNIVERSITY,16,29.5,direct,
189705,Canisius University,NY,18,JJWLQMLKBB85,JJWLQMLKBB85,CANISIUS UNIVERSITY OF BUFFALO NEW YORK,12,20.3,direct,
190044,Clarkson University,NY,16,SL2PF6R7MRN1,SL2PF6R7MRN1,Clarkson University,140,83.4,direct,
190114,Metropolitan College of New York,NY,18,Z3KLDFVAVGV8,Z3KLDFVAVGV8,METROPOLITAN COLLEGE OF NEW YORK,7,20.3,direct,
190150,Columbia University in the City of New York,NY,15,F4N1QNPB95M4|QHF5ZZ114M72,F4N1QNPB95M4,Columbia University,1803,1694.5,direct,
190415,Cornell University,NY,15,G56PUALJ3KT5,G56PUALJ3KT5,CORNELL UNIVERSITY,2078,1840.9,direct,
190424,Weill Medical College of Cornell University,NY,25,YNT8TCJH8FQ8,YNT8TCJH8FQ8,WEILL MEDICAL COLL OF CORNELL UNIV,1316,1857.6,direct,
190512,CUNY Bernard M Baruch College,NY,18,C1N8LEC9FJ45|MLNJR192MH35|CBKYNSMGNDD5,CBKYNSMGNDD5,CUNY Baruch College,40,11.5,secondary_uei,
190549,CUNY Brooklyn College,NY,18,HMFKCEEQCBN7,XNAKYW3FTSE1,CUNY Brooklyn College,66,42.2,manual,Different SAM.gov entity
190558,College of Staten Island CUNY,NY,18,ZKQSANE1FB93,L63BKBLD2LH4,CUNY College of Staten Island,45,20.6,manual,Different SAM.gov entity
190567,CUNY City College,NY,16,L952KGDMSLV5,L952KGDMSLV5,RESEARCH FOUNDATION OF THE CITY UNIVERSITY OF NEW YORK,345,302.0,direct,
190576,CUNY Graduate School and University Center,NY,15,EEMBXBF1K5M8| QVW9TFAZJFE7,QVW9TFAZJFE7,CUNY Graduate School University Center,66,17.5,secondary_uei,
190594,CUNY Hunter College,NY,18,EK93EZLLBSC4,EK93EZLLBSC4,HUNTER COLLEGE,171,148.4,direct,
190600,CUNY John Jay College of Criminal Justice,NY,18,NGK8GHNABTB8,NGK8GHNABTB8,CUNY John Jay College of Criminal Justice,47,41.1,direct,
190637,CUNY Lehman College,NY,18,JHLKV9NGEW18,,,0,0.0,no_awards,Not found in awards DB; may file through CUNY Research Foundation
190664,CUNY Queens College,NY,18,KDVTM92RYZE1,EJABWGUJM228,CUNY Queens College,112,71.3,manual,Different SAM.gov entity
190716,D'Youville  University,NY,17,V6UEFNSC13P6,V6UEFNSC13P6,D'YOUVILLE COLLEGE,13,19.8,direct,
190725,Daemen University,NY,17,JGF6G722EFB1,JGF6G722EFB1,DAEMEN UNIVERSITY,7,11.9,direct,
190761,Dominican University New York,NY,20,CMLKNCNA3MT4,CMLKNCNA3MT4,DOMINICAN UNIVERSITY NEW YORK,8,17.1,direct,
191126,Fashion Institute of Technology,NY,20,JMNYBBGQKK58,Z5LQE3L4RKH8,FASHION INSTITUTE OF TECHNOLOGY,7,38.5,manual,Different SAM.gov entity
191241,Fordham University,NY,16,ECESTN2SSVH1,ECESTN2SSVH1,FORDHAM UNIVERSITY,66,145.7,direct,
191649,Hofstra University,NY,17,SR22RUJJ11H2,SR22RUJJ11H2,Hofstra University,38,54.6,direct,
191931,Iona University,NY,18,HR7QS3BWJWE5,HR7QS3BWJWE5,IONA UNIVERSITY,16,27.8,direct,
191968,Ithaca College,NY,18,M8XYTNN1REF1,M8XYTNN1REF1,Ithaca College,17,28.3,direct,
192192,Keuka College,NY,19,FA81BKQ92WF6,FA81BKQ92WF6,KEUKA COLLEGE,5,14.4,direct,
192323,Le Moyne College,NY,18,KMTHQL9S5RS3,KMTHQL9S5RS3,LE MOYNE COLLEGE,9,19.6,direct,
192448,Long Island University,NY,17,QNAVQDR2HN55|NQF1RQMMQAN7,QNAVQDR2HN55,LONG ISLAND UNIVERSITY,42,58.3,direct,
192703,Manhattan College,NY,18,YCBNNNTCW9F1,YCBNNNTCW9F1,MANHATTAN UNIVERSITY,17,21.9,direct,
192749,Manhattanville College,NY,18,J78HL44S4NN6,J78HL44S4NN6,MANHATTANVILLE UNIVERSITY,6,9.6,direct,
192819,Marist College,NY,18,YM8NW6G8N9Y3,YM8NW6G8N9Y3,MARIST UNIVERSITY,11,30.1,direct,
192925,Medaille University,NY,18,,,,0,0.0,no_awards,
193016,Mercy University,NY,18,N123YUVWUJK1,N123YUVWUJK1,MERCY UNIVERSITY,26,81.0,direct,
193292,Molloy College,NY,18,PCUKYDN6M118,PCUKYDN6M118,MOLLOY UNIVERSITY,13,26.7,direct,
193308,Monroe College,NY,18,R99VKN7DQSC5,R99VKN7DQSC5,"MONROE UNIVERSITY, LTD.",3,21.1,direct,
193353,Mount Saint Mary College,NY,19,JACLBNXLSF44,JACLBNXLSF44,MOUNT SAINT MARY COLLEGE,2,9.9,direct,
193399,University of Mount Saint Vincent,NY,20,XCK6E6K61HN1,XCK6E6K61HN1,UNIVERSITY OF MOUNT SAINT VINCENT,11,22.8,direct,
193405,Icahn School of Medicine at Mount Sinai,NY,25,C8H9CNG1VBD9,C8H9CNG1VBD9,ICAHN SCHOOL OF MEDICINE AT MOUNT SINAI,1814,2892.2,direct,
193584,Nazareth University,NY,18,WBN8EADUR4H9,WBN8EADUR4H9,NAZARETH UNIVERSITY,10,16.7,direct,
193654,The New School,NY,16,YNL2H7YNMFP9,YNL2H7YNMFP9,THE NEW SCHOOL,17,33.6,direct,
193830,New York Medical College,NY,25,WK63UJ11C2H7,WK63UJ11C2H7,NEW YORK MEDICAL COLLEGE,63,60.1,direct,
193900,New York University,NY,15,NX9PXMKW5KW8,NX9PXMKW5KW8,New York University,875,674.9,direct,
193973,Niagara University,NY,18,kjrnfcbqmr37,KJRNFCBQMR37,NIAGARA UNIVERSITY,6,16.2,case_fix,"IPEDS stored as 'kjrnfcbqmr37', normalized to 'KJRNFCBQMR37'"
194073,New York College of Podiatric Medicine,NY,25,SLGZT1JXBFL3,SLGZT1JXBFL3,TOURO UNIVERSITY,3,0.9,direct,
194091,New York Institute of Technology,NY,18,SVZSJHR2A4T6,SVZSJHR2A4T6,New York Institute of Technology,54,51.4,direct,
194161,Alliance University,NY,18,,,,0,0.0,no_awards,
194310,Pace University,NY,17,Y738A5L1B3V1,Y738A5L1B3V1,PACE UNIVERSITY,28,67.1,direct,
194824,Rensselaer Polytechnic Institute,NY,15,U5WBFKEBLMX3,U5WBFKEBLMX3,RENSSELAER POLYTECHNIC INSTITUTE,420,318.7,direct,
194958,Roberts Wesleyan University,NY,18,C3GAR6WXVW83,C3GAR6WXVW83,ROBERTS WESLEYAN UNIVERSITY,4,7.8,direct,
195003,Rochester Institute of Technology,NY,16,J6TWTRKC1X14,J6TWTRKC1X14,Rochester Institute of Tech,372,235.8,direct,
195030,University of Rochester,NY,15,F27KDXZMF9Y8,F27KDXZMF9Y8,UNIVERSITY OF ROCHESTER,1381,2712.4,direct,
195049,The Rockefeller University,NY,16,LHGDNJMZ64Y1,LHGDNJMZ64Y1,ROCKEFELLER UNIVERSITY,320,505.3,direct,
195128,Russell Sage College,NY,17,WYTWLNMHKEW6,WYTWLNMHKEW6,RUSSELL SAGE COLLEGE,4,9.9,direct,
195164,St Bonaventure University,NY,19,JLNZDL8P2DP7,JLNZDL8P2DP7,ST. BONAVENTURE UNIVERSITY,13,11.9,direct,
195234,The College of Saint Rose,NY,18,G3ZHTVLG2Y26,G3ZHTVLG2Y26,THE COLLEGE OF SAINT ROSE,5,19.9,direct,
195243,St. Thomas Aquinas College,NY,20,ZSHSS3FVJVL4,ZSHSS3FVJVL4,ST THOMAS AQUINAS COLLEGE,3,5.1,direct,
195474,Siena College,NY,20,KAQDBUUAYKM8,KAQDBUUAYKM8,SIENA UNIVERSITY,17,18.3,direct,
195544,St. Joseph's University-New York,NY,19,R55QKNGG1K87,R55QKNGG1K87,ST JOSEPHS COLLEGE,5,23.6,direct,
195720,St. John Fisher University,NY,17,NKF5HVBC2L68,NKF5HVBC2L68,ST JOHN FISHER UNIVERSITY,14,19.8,direct,
195809,St. John's University-New York,NY,17,QMCKV4B31PG2,QMCKV4B31PG2,ST. JOHN'S UNIVERSITY,68,108.1,direct,
196060,University at Albany,NY,15,G27VCK35DJB3,NHH3T1Z96H29,SUNY at Albany,364,210.2,manual,Files as SUNY AT ALBANY
196079,Binghamton University,NY,15,RF29X24PDHT2,RF29X24PDHT2,STATE UNIVERSITY OF NEW YORK,2,69.8,direct,
196088,University at Buffalo,NY,15,Y7TWDJ4ESMB8,Y7TWDJ4ESMB8,UNIVERSITY AT BUFFALO,3,99.9,direct,
196097,Stony Brook University,NY,15,MXLDJ7JKMBE1,M746VC6XMNH9,STATE UNIVERSITY NEW YORK STONY BROOK,1233,1160.6,manual,Files as STATE UNIVERSITY NEW YORK STONY BROOK
196103,SUNY College of Environmental Science and Forestry,NY,16,LVVEB3CF8MB8,LVVEB3CF8MB8,THE RESEARCH FOUNDATION FOR THE STATE UNIVERSITY OF NEW YORK,102,35.1,direct,
196112,SUNY Polytechnic Institute,NY,19,P6XUF7RHMYB5,,,0,0.0,no_awards,Not clearly identified in awards DB
196121,SUNY Brockport,NY,18,TCMMHB95V224,TCMMHB95V224,THE RESEARCH FOUNDATION FOR THE STATE UNIVERSITY OF NEW YORK,27,21.7,direct,
196130,SUNY Buffalo State University,NY,18,VKAPREANC226,VKAPREANC226,THE RESEARCH FOUNDATION FOR THE STATE UNIVERSITY OF NEW YORK,22,74.6,direct,
196149,State University of New York at Cortland,NY,18,KCX1UVS7TDN4,KCX1UVS7TDN4,THE RESEARCH FOUNDATION FOR THE STATE UNIVERSITY OF NEW YORK,7,1.0,direct,
196158,SUNY at Fredonia,NY,19,JFN1KKMNPL53,JFN1KKMNPL53,THE RESEARCH FOUNDATION FOR THE STATE UNIVERSITY OF NEW YORK,9,37.0,direct,
196167,SUNY College at Geneseo,NY,20,MHM8SESS7JB6,RCHLJW4S5BC4,SUNY College at Geneseo,21,11.0,manual,Different SAM.gov entity
196176,State University of New York at New Paltz,NY,18,XJGFPTFN3FM1,XJGFPTFN3FM1,STATE UNIVERSITY OF NY NEW PALTZ,4,38.0,direct,
196185,SUNY Oneonta,NY,19,U8K6LMNWN9J9,U8K6LMNWN9J9,STATE UNIVERSITY OF NEW YORK,3,31.2,direct,
196194,State University of New York at Oswego,NY,18,DLV5DEVHGF38,DLV5DEVHGF38,SUNY College at Oswego,30,57.5,direct,
196200,SUNY College at Potsdam,NY,19,Z9Z8L67WXJ85,Z9Z8L67WXJ85,SUNY COLLEGE AT POTSDAM,4,26.1,direct,
196237,SUNY Old Westbury,NY,20,TXN7LEN1L5U3,JJ2FXBDGWMG5,SUNY College at Old Westbury,21,10.3,manual,Different SAM.gov entity
196246,SUNY College at Plattsburgh,NY,19,M3SSQY9ACBN5,M3SSQY9ACBN5,"RESEARCH FOUNDATION FOR THE STATE UNIVERSITY OF NEW YORK, THE",18,23.0,direct,
196255,SUNY Downstate Health Sciences University,NY,25,NJ14V2NZYM68,NJ14V2NZYM68,SUNY DOWNSTATE MEDICAL CENTER,73,175.4,direct,
196264,Empire State University,NY,18,KUE3NQ4K56Y8,KUE3NQ4K56Y8,EMPIRE STATE UNIVERSITY,2,26.3,direct,
196291,SUNY Maritime College,NY,20,XM6CBJX6SBH1,XM6CBJX6SBH1,THE RESEARCH FOUNDATION FOR THE STATE UNIVERSITY OF NEW YORK,13,24.3,direct,
196307,Upstate Medical University,NY,25,UJFCQA7JJNL4,HYN3WD58HNN7,UPSTATE MEDICAL UNIVERSITY,168,170.5,name_match,Keyword match → 'UPSTATE MEDICAL UNIVERSITY'
196413,Syracuse University,NY,15,C4BXLBC11LC6,C4BXLBC11LC6,Syracuse University,438,323.5,direct,
196468,Teachers College at Columbia University,NY,16,DBM1C8MDJ5L3,DBM1C8MDJ5L3,TEACHERS COLLEGE COLUMBIA UNIVERSITY,60,99.8,direct,
196592,Touro University,NY,17,JF7HR9WJSFJ6,JF7HR9WJSFJ6,TOURO UNIVERSITY OF CALIFORNIA,7,8.0,direct,
196680,Excelsior University,NY,18,GF6JSG9GUFM5,GF6JSG9GUFM5,EXCELSIOR UNIVERSITY,3,3.4,direct,
197045,Utica University,NY,18,FSCUSJ12BVA8,FSCUSJ12BVA8,UTICA UNIVERSITY,8,18.1,direct,
197197,Wagner College,NY,19,JUMFE3NSPJJ3,JUMFE3NSPJJ3,WAGNER COLLEGE,3,7.3,direct,
197708,Yeshiva University,NY,16,CSSJGCRUZ9F3,CSSJGCRUZ9F3,Yeshiva University,26,20.6,direct,
197869,Appalachian State University,NC,18,F1NAKY5L1425,F1NAKY5L1425,APPALACHIAN STATE UNIVERSITY,85,197.4,direct,
198136,Campbell University,NC,17,DK9MKVC96A47,DK9MKVC96A47,CAMPBELL UNIVERSITY,6,24.4,direct,
198419,Duke University,NC,15,TP7EK8DZV6N5,TP7EK8DZV6N5,DUKE UNIVERSITY,1072,1096.8,direct,
198464,East Carolina University,NC,16,HWPEKM8VFTJ9,HWPEKM8VFTJ9,EAST CAROLINA UNIVERSITY,247,263.5,direct,
198516,Elon University,NC,17,SNEKGT9DDUQ6,SNEKGT9DDUQ6,Elon University,11,16.5,direct,
198543,Fayetteville State University,NC,19,XTD7KKHEJFL1,XTD7KKHEJFL1,FAYETTEVILLE STATE UNIVERSITY,80,229.7,direct,
198561,Gardner-Webb University,NC,17,UBS3G4A9WBH1,UBS3G4A9WBH1,GARDNER-WEBB UNIVERSITY,3,10.6,direct,
198835,Lenoir-Rhyne University,NC,18,GNF2LDZWGG23,GNF2LDZWGG23,LENOIR-RHYNE UNIVERSITY,6,12.0,direct,
198969,Methodist University,NC,20,J8ZNFL69P5J7,J8ZNFL69P5J7,"THE METHODIST UNIVERSITY, INC.",4,10.5,direct,
199032,Montreat College,NC,20,CNMWR9LFSLU9,CNMWR9LFSLU9,MONTREAT COLLEGE,6,4.7,direct,
199069,University of Mount Olive,NC,20,,KNHQZKGZ8SG9,UNIVERSITY OF MOUNT OLIVE INC,5,18.2,name_match,Keyword match → 'UNIVERSITY OF MOUNT OLIVE INC'
199102,North Carolina A & T State University,NC,16,SKH5GMBR9GL3,SKH5GMBR9GL3,NORTH CAROLINA AGRICULTURAL AND TECHNICAL STATE UNIVERSITY,460,773.3,direct,
199120,University of North Carolina at Chapel Hill,NC,15,D3LHU66KBLD5,D3LHU66KBLD5,UNIV OF NORTH CAROLINA CHAPEL HILL,3185,4360.4,direct,
199139,University of North Carolina at Charlotte,NC,16,JB33DT84JNA5,JB33DT84JNA5,University of North Carolina at Charlotte,404,365.4,direct,
199148,University of North Carolina at Greensboro,NC,16,,C13DF16LC3H4,University of North Carolina Greensboro,195,269.8,name_match,Keyword match → 'University of North Carolina Greensboro'
199157,North Carolina Central University,NC,18,L1DXXP1KGP77,L1DXXP1KGP77,NORTH CAROLINA CENTRAL UNIVERSITY,102,299.9,direct,
199193,North Carolina State University at Raleigh,NC,15,U3NVH931QJJ3,U3NVH931QJJ3,NORTH CAROLINA STATE UNIVERSITY,2303,1989.7,direct,
199218,University of North Carolina Wilmington,NC,16,L1GPHS96MUE1,L1GPHS96MUE1,University of North Carolina at Wilmington,110,89.0,direct,
199281,University of North Carolina at Pembroke,NC,18,KMDFQGPWPK85,KMDFQGPWPK85,THE UNIVERSITY OF NORTH CAROLINA AT PEMBROKE,47,65.3,direct,
199306,Pfeiffer University,NC,18,E17ZTNKMZ1G8,E17ZTNKMZ1G8,PFEIFFER UNIVERSITY,5,11.0,direct,
199412,Queens University of Charlotte,NC,18,F7F3RPLJ5G21,F7F3RPLJ5G21,QUEENS UNIVERSITY OF CHARLOTTE,4,10.6,direct,
199759,Southeastern Baptist Theological Seminary,NC,18,GH4EATPYDPZ3,ZGJNPWCWXYK3,FAITH BAPTIST BIBLE COLLEGE AND THEOLOGICAL SEMINARY,4,1.9,name_match,Keyword match → 'FAITH BAPTIST BIBLE COLLEGE AND THEOLOGICAL SEMINARY'
199847,Wake Forest University,NC,16,MBU6HCLNZ431,MBU6HCLNZ431,WAKE FOREST UNIVERSITY,89,70.6,direct,
199962,Wingate University,NC,17,KZTTVNK9L8C1,KZTTVNK9L8C1,WINGATE UNIVERSITY,3,18.4,direct,
199999,Winston-Salem State University,NC,19,K54FKGWN2EN5,K54FKGWN2EN5,WINSTON-SALEM STATE UNIVERSITY,66,230.7,direct,
200004,Western Carolina University,NC,18,LLFAXDBMYCB5,LLFAXDBMYCB5,WESTERN CAROLINA UNIVERSITY,35,65.0,direct,
200217,University of Mary,ND,17,GRBNDZS97TB9,GRBNDZS97TB9,UNIVERSITY OF MARY,11,21.8,direct,
200253,Minot State University,ND,19,,,,0,0.0,no_awards,
200280,University of North Dakota,ND,16,RSWNKK6J8CF3,RSWNKK6J8CF3,UNIVERSITY OF NORTH DAKOTA,293,588.4,direct,
200332,North Dakota State University-Main Campus,ND,16,EZ4WPGRE1RD5,EZ4WPGRE1RD5,NORTH DAKOTA STATE UNIVERSITY,487,393.7,direct,
200697,Air Force Institute of Technology-Graduate School of Engineering & Management,OH,16,,GKQNMBNNKGD4,LAKE FOREST GRADUATE SCHOOL OF MANAGEMENT,2,0.4,name_match,Keyword match → 'LAKE FOREST GRADUATE SCHOOL OF MANAGEMENT'
200800,University of Akron Main Campus,OH,16,DFNLDECWM8J8,DFNLDECWM8J8,University of Akron,152,157.3,direct,
201104,Ashland University,OH,18,X6L3Z7TS3RE3,X6L3Z7TS3RE3,ASHLAND UNIVERSITY,5,32.0,direct,
201195,Baldwin Wallace University,OH,18,ME2HST3L4AY9,ME2HST3L4AY9,BALDWIN WALLACE UNIVERSITY,14,27.5,direct,
201441,Bowling Green State University-Main Campus,OH,16,SLT3EB6G3FA9,SLT3EB6G3FA9,Bowling Green State University,78,117.8,direct,
201548,Capital University,OH,19,KSZUJCGYH5L5,KSZUJCGYH5L5,CAPITAL UNIVERSITY,2,12.8,direct,
201645,Case Western Reserve University,OH,15,HJMKEF7EJW69,HJMKEF7EJW69,CASE WESTERN RESERVE UNIVERSITY,1183,1528.3,direct,
201654,Cedarville University,OH,20,MQK6MA76ZUG9,MQK6MA76ZUG9,CEDARVILLE UNIVERSITY,4,13.9,direct,
201885,University of Cincinnati-Main Campus,OH,15,DZ4YCZ3QSPR5,DZ4YCZ3QSPR5,UNIVERSITY OF CINCINNATI,627,705.3,direct,
201964,Ohio Christian University,OH,19,D8L4VNN7RRN7,D8L4VNN7RRN7,OHIO CHRISTIAN UNIVERSITY,4,12.6,direct,
202134,Cleveland State University,OH,16,YKGMTXA2NVL6,YKGMTXA2NVL6,CLEVELAND STATE UNIVERSITY,114,145.9,direct,
202480,University of Dayton,OH,16,V62NC51F7YV1,V62NC51F7YV1,UNIVERSITY OF DAYTON,98,187.0,direct,
202763,The University of Findlay,OH,17,FGF3XGPRNH34,FGF3XGPRNH34,UNIVERSITY OF FINDLAY,3,12.9,direct,
203368,John Carroll University,OH,19,NGR9J47NNNB1,NGR9J47NNNB1,JOHN CARROLL UNIVERSITY,9,16.7,direct,
203517,Kent State University at Kent,OH,16,KXNVA7JCC5K6,KXNVA7JCC5K6,KENT STATE UNIVERSITY,210,254.2,direct,
203580,Lake Erie College,OH,19,L78WCWLAGHH8,L78WCWLAGHH8,LAKE ERIE COLLEGE,3,4.4,direct,
203757,Lourdes University,OH,20,ZNN4QKFMXKX3,ZNN4QKFMXKX3,LOURDES UNIVERSITY,10,15.6,direct,
203775,Malone University,OH,19,DW9MU2VQBAJ5,DW9MU2VQBAJ5,MALONE UNIVERSITY,3,7.1,direct,
204024,Miami University-Oxford,OH,16,T6J6AF3AM8M8,T6J6AF3AM8M8,Miami University,170,142.9,direct,
204194,Mount Vernon Nazarene University,OH,19,vrhfwplan3y3,VRHFWPLAN3Y3,MOUNT VERNON NAZARENE UNIVERSITY,2,7.7,case_fix,"IPEDS stored as 'vrhfwplan3y3', normalized to 'VRHFWPLAN3Y3'"
204200,Mount St. Joseph University,OH,18,C3ABJ5L31NC5,C3ABJ5L31NC5,MOUNT ST. JOSEPH UNIVERSITY,3,8.3,direct,
204264,Muskingum University,OH,20,RRUANWMAHDZ3,RRUANWMAHDZ3,MUSKINGUM UNIVERSITY,5,11.9,direct,
204468,Notre Dame College,OH,20,L6MYGN5JTNQ5,L6MYGN5JTNQ5,"NOTRE DAME COLLEGE, THE",5,10.9,direct,
204477,Northeast Ohio Medical University,OH,25,MJL7LEL4B6M6,MJL7LEL4B6M6,NORTHEAST OHIO MEDICAL UNIVERSITY,63,62.7,direct,
204617,Ohio Dominican University,OH,18,DK7UDATK7F48,DK7UDATK7F48,OHIO DOMINICAN UNIVERSITY,5,8.6,direct,
204796,Ohio State University-Main Campus,OH,15,DLWBSLWAJWR1,DLWBSLWAJWR1,"OHIO STATE UNIVERSITY, THE",3047,3077.9,direct,
204857,Ohio University-Main Campus,OH,16,LXHMMWRKN5N8,LXHMMWRKN5N8,OHIO UNIVERSITY,206,276.2,direct,
204936,Otterbein University,OH,19,TKQCAAKL6XN8,TKQCAAKL6XN8,OTTERBEIN UNIVERSITY,9,14.6,direct,
205443,Shawnee State University,OH,20,LHJGNFRKQ6J9,LHJGNFRKQ6J9,SHAWNEE STATE UNIVERSITY,12,31.9,direct,
205957,Franciscan University of Steubenville,OH,19,CN3MLXE78MT1,CN3MLXE78MT1,FRANCISCAN UNIVERSITY OF STEUBENVILLE,5,9.2,direct,
206048,Tiffin University,OH,18,E2JVASNLGTT5,E2JVASNLGTT5,TIFFIN UNIVERSITY,4,13.6,direct,
206084,University of Toledo,OH,16,XA77NAJYELF1| M9ACC5DQCNL6,XA77NAJYELF1,UNIVERSITY OF TOLEDO,142,166.0,direct,
206279,Union Institute & University,OH,17,DL41JQZHL3K1,DL41JQZHL3K1,UNION INSTITUTE & UNIVERSITY,4,1.9,direct,
206349,Ursuline College,OH,19,SXBZLSZJKPM3,SXBZLSZJKPM3,URSULINE COLLEGE,6,6.1,direct,
206437,Walsh University,OH,19,HNNKFZ6PJ8R8,HNNKFZ6PJ8R8,WALSH UNIVERSITY,4,10.0,direct,
206604,Wright State University-Main Campus,OH,16,NPT2UNTNHJZ1,NPT2UNTNHJZ1,WRIGHT STATE UNIVERSITY,115,163.0,direct,
206622,Xavier University,OH,18,UD14C86YPN55,UD14C86YPN55,XAVIER UNIVERSITY,30,23.8,direct,
206695,Youngstown State University,OH,18,C5BNR8SHXMM4,C5BNR8SHXMM4,Youngstown State University,23,67.6,direct,
206835,Oklahoma Wesleyan University,OK,19,JJMWYHKXKRJ6,JJMWYHKXKRJ6,OKLAHOMA WESLEYAN UNIVERSITY,3,4.8,direct,
206862,Southern Nazarene University,OK,18,FMC7DS3QGZN4,FMC7DS3QGZN4,SOUTHERN NAZARENE UNIVERSITY,9,18.3,direct,
206914,Cameron University,OK,19,S26CBUS4H4A9,S26CBUS4H4A9,CAMERON UNIVERSITY,15,40.3,direct,
206941,University of Central Oklahoma,OK,18,TVYWG7KY4XL8,TVYWG7KY4XL8,UNIVERSITY OF CENTRAL OKLAHOMA,75,143.4,direct,
207041,East Central University,OK,18,K1SEVXA32CE3,K1SEVXA32CE3,STATE OF OKLAHOMA EAST CENTRAL UNIVERSITY,37,66.0,direct,
207209,Langston University,OK,20,NSNLFLXEDEJ8,NSNLFLXEDEJ8,LANGSTON UNIVERSITY,122,198.8,direct,
207263,Northeastern State University,OK,18,VGC5UMKAHMQ7,VGC5UMKAHMQ7,NORTHEASTERN STATE UNIVERSITY,31,65.4,direct,
207306,Northwestern Oklahoma State University,OK,20,,F4JYW3GGL2L1,NORTHWESTERN OKLAHOMA STATE UNIVERSITY,13,21.9,name_match,Keyword match → 'NORTHWESTERN OKLAHOMA STATE UNIVERSITY'
207315,Oklahoma State University Center for Health Sciences,OK,25,T3B4DWYVH7L5,T3B4DWYVH7L5,OSU CENTER FOR HEALTH SCIENCES,20,27.7,direct,
207324,Oklahoma Christian University,OK,18,DJHBU1F8KMG5,DJHBU1F8KMG5,"OKLAHOMA CHRISTIAN UNIVERSITY, INC",2,8.2,direct,
207342,University of Oklahoma-Health Sciences Center,OK,25,GY8NMUZQXVS7,GY8NMUZQXVS7,UNIVERSITY OF OKLAHOMA HLTH SCIENCES CTR,347,419.0,direct,
207388,Oklahoma State University-Main Campus,OK,15,NNYDFK5FTSX9,NNYDFK5FTSX9,OKLAHOMA STATE UNIVERSITY,680,564.9,direct,
207458,Oklahoma City University,OK,17,XZC5KQFLECQ7,XZC5KQFLECQ7,OKLAHOMA CITY UNIVERSITY,2,8.0,direct,
207500,University of Oklahoma-Norman Campus,OK,15,EVTSTTLCEWS5,EVTSTTLCEWS5,UNIVERSITY OF OKLAHOMA,685,997.9,direct,
207847,Southeastern Oklahoma State University,OK,18,M62FWE8AB3N9,M62FWE8AB3N9,SOUTHEASTERN OKLAHOMA STATE UNIVERSITY,31,56.3,direct,
207865,Southwestern Oklahoma State University,OK,18,PLPHAKVSJUZ6,PLPHAKVSJUZ6,"SOUTHWESTERN OKLAHOMA STATE UNIVERSITY FOUNDATION, INC.",10,30.5,direct,
207971,University of Tulsa,OK,16,P23YK1EKPS51,P23YK1EKPS51,THE UNIVERSITY OF TULSA,74,60.3,direct,
208646,Eastern Oregon University,OR,19,KCC2SLUYACV3,KCC2SLUYACV3,EASTERN OREGON UNIVERSITY,8,13.5,direct,
208822,George Fox University,OR,17,LU7NY51FNKL7,LU7NY51FNKL7,GEORGE FOX UNIVERSITY,3,13.8,direct,
209409,Bushnell University,OR,19,E6M5RT2YNLA9,E6M5RT2YNLA9,BUSHNELL UNIVERSITY,4,2.4,direct,
209490,Oregon Health & Science University,OR,25,NPSNT86JKN51,NPSNT86JKN51,OREGON HEALTH & SCIENCE UNIVERSITY,1295,2110.2,direct,
209542,Oregon State University,OR,15,MZ4DYXE1SL98,MZ4DYXE1SL98,OREGON STATE UNIVERSITY,1639,1524.9,direct,
209551,University of Oregon,OR,15,Z3FGN9MF92U2,Z3FGN9MF92U2,University of Oregon Eugene,500,525.7,direct,
209612,Pacific University,OR,17,JTLXJ63RFNC6,JTLXJ63RFNC6,PACIFIC UNIVERSITY,23,25.1,direct,
209807,Portland State University,OR,16,WTY9DKTBXZF1|H4CAHK2RD945,H4CAHK2RD945,PORTLAND STATE UNIVERSITY,333,349.2,secondary_uei,
209825,University of Portland,OR,19,UUUDTDHGF7H3,UUUDTDHGF7H3,UNIVERSITY OF PORTLAND,14,16.7,direct,
210146,Southern Oregon University,OR,18,,GL1WH5BDCN74,SOUTHERN OREGON UNIVERSITY,16,31.7,name_match,Keyword match → 'SOUTHERN OREGON UNIVERSITY'
210429,Western Oregon University,OR,18,NLY9PML2VVB3,NLY9PML2VVB3,WESTERN OREGON UNIVERSITY,25,48.4,direct,
210739,DeSales University,PA,18,QK77VLMZJMX3,QK77VLMZJMX3,DESALES UNIVERSITY,2,10.3,direct,
210775,Alvernia University,PA,19,M4YBLCAM6ME5,M4YBLCAM6ME5,ALVERNIA UNIVERSITY,8,19.3,direct,
211088,Arcadia University,PA,18,HT3NK1QGE1H8,HT3NK1QGE1H8,ARCADIA UNIVERSITY,8,19.0,direct,
211352,Cabrini University,PA,18,MWJMGNDC6JZ9,MWJMGNDC6JZ9,CABRINI UNIVERSITY,11,12.9,direct,
211431,Carlow University,PA,18,Q3EAVDGXB7Q3,Q3EAVDGXB7Q3,CARLOW UNIVERSITY,10,17.3,direct,
211440,Carnegie Mellon University,PA,15,U3NKNFLNQ613,U3NKNFLNQ613,Carnegie Mellon University,1435,1313.9,direct,
211468,Cedar Crest College,PA,20,X35CW4W1XM17,X35CW4W1XM17,CEDAR CREST COLLEGE,6,10.0,direct,
211556,Chatham University,PA,17,M9MKPRAMFD85,M9MKPRAMFD85,Chatham College,9,8.5,direct,
211583,Chestnut Hill College,PA,19,MUMJENHYFLG3,MUMJENHYFLG3,CHESTNUT HILL COLLEGE,6,10.7,direct,
211981,Delaware Valley University,PA,20,P6SJUK2WBLK1,P6SJUK2WBLK1,DELAWARE VALLEY UNIVERSITY,5,10.9,direct,
212054,Drexel University,PA,15,XF3XM9642N96,XF3XM9642N96,DREXEL UNIVERSITY,667,674.9,direct,
212106,Duquesne University,PA,16,NGYSJ2L1LZX3,NGYSJ2L1LZX3,DUQUESNE UNIVERSITY,62,59.9,direct,
212115,East Stroudsburg University of Pennsylvania,PA,18,EN4YX11NLCZ8,EN4YX11NLCZ8,EAST STROUDSBURG UNIVERSITY OF PENNSYLVANIA,19,50.4,direct,
212133,Eastern University,PA,18,HEJ8RLLYCJH5,HEJ8RLLYCJH5,EASTERN UNIVERSITY,11,25.5,direct,
212601,Gannon University,PA,17,YJ9XVUTKJ1T9,YJ9XVUTKJ1T9,GANNON UNIVERSITY,14,25.3,direct,
212656,Geneva College,PA,19,DNJQBKNT71E8,DNJQBKNT71E8,GENEVA COLLEGE,4,7.9,direct,
212832,Gwynedd Mercy University,PA,19,P3U1S9SVCB65,P3U1S9SVCB65,GWYNEDD MERCY UNIVERSITY,2,9.3,direct,
212984,Holy Family University,PA,18,N3W3MELK1238,N3W3MELK1238,HOLY FAMILY UNIVERSITY,5,14.3,direct,
213011,Immaculata University,PA,17,CCGSSG8K8WS5,CCGSSG8K8WS5,IMMACULATA UNIVERSITY,5,6.3,direct,
213020,Indiana University of Pennsylvania-Main Campus,PA,17,NB96G3N8CLP4,NB96G3N8CLP4,INDIANA UNIVERSITY OF PENNSYLVANIA,18,65.4,direct,
213321,King's College,PA,19,MH7CJGBKGQ15,MH7CJGBKGQ15,KINGS COLLEGE,5,11.8,direct,
213349,Kutztown University of Pennsylvania,PA,18,JGVSJXZ5B6D4,JGVSJXZ5B6D4,KUTZTOWN UNIVERSITY OF PENNSYLVANIA,25,53.9,direct,
213358,La Roche University,PA,20,MJGBD8AMDVT4,MJGBD8AMDVT4,LA ROCHE UNIVERSITY,2,6.6,direct,
213367,La Salle University,PA,18,NDCFZK2BEQY9,NDCFZK2BEQY9,LA SALLE UNIVERSITY,8,25.8,direct,
213400,Lancaster Bible College,PA,20,NT9ZXAKM3CR3,NT9ZXAKM3CR3,LANCASTER BIBLE COLLEGE,2,8.2,direct,
213507,Lebanon Valley College,PA,20,W3F3GU2DK6B9,W3F3GU2DK6B9,Lebanon Valley College,6,8.2,direct,
213543,Lehigh University,PA,16,EXS6JMRJHJ38| E13MDBKHLDB5,E13MDBKHLDB5,Lehigh University,375,278.8,secondary_uei,
213598,Lincoln University,PA,19,T59JHM69NCZ3,T59JHM69NCZ3,LINCOLN UNIVERSITY,25,89.0,direct,
213826,Marywood University,PA,18,N45LN1A3VM89,N45LN1A3VM89,MARYWOOD UNIVERSITY,5,15.0,direct,
213987,Mercyhurst University,PA,19,MJLLQT82EDT1,MJLLQT82EDT1,MERCYHURST UNIVERSITY,6,17.4,direct,
213996,Messiah University,PA,19,JJDGH986C9M5,JJDGH986C9M5,Messiah College,1,0.2,direct,
214041,Millersville University of Pennsylvania,PA,18,NNJRWRJK1SF4,NNJRWRJK1SF4,MILLERSVILLE UNIVERSITY OF PENNSYLVANIA,21,46.4,direct,
214069,Misericordia University,PA,17,FJTHSKH2M9W7,FJTHSKH2M9W7,MISERICORDIA UNIVERSITY,4,8.7,direct,
214272,Neumann University,PA,18,,,,0,0.0,no_awards,
214591,Pennsylvania State University-Penn State Erie-Behrend College,PA,20,NPM2J7MSCF61,NPM2J7MSCF61,THE PENNSYLVANIA STATE UNIVERSITY,3086,2895.0,direct,
214607,Pennsylvania State University-Penn State Great Valley,PA,18,NPM2J7MSCF61,NPM2J7MSCF61,THE PENNSYLVANIA STATE UNIVERSITY,3086,2895.0,direct,
214713,Pennsylvania State University-Penn State Harrisburg,PA,18,NPM2J7MSCF61,NPM2J7MSCF61,THE PENNSYLVANIA STATE UNIVERSITY,3086,2895.0,direct,
214777,Pennsylvania State University-Main Campus,PA,15,NPM2J7MSCF61,NPM2J7MSCF61,THE PENNSYLVANIA STATE UNIVERSITY,3086,2895.0,direct,
215062,University of Pennsylvania,PA,15,GM1XX56LEP58,GM1XX56LEP58,UNIVERSITY OF PENNSYLVANIA,3989,5205.7,direct,
215114,Cairn University-Langhorne,PA,20,W9BFS9SMHPF6,W9BFS9SMHPF6,CAIRN UNIVERSITY,3,4.7,direct,
215123,Philadelphia College of Osteopathic Medicine,PA,25,DVSBNKN6LGL6,DVSBNKN6LGL6,PHILADELPHIA COLLEGE OF OSTEOPATHIC MEDICINE,5,5.8,direct,
215293,University of Pittsburgh-Pittsburgh Campus,PA,15,MKAGLD59JRL1,MKAGLD59JRL1,UNIVERSITY OF PITTSBURGH AT PITTSBURGH,3686,5020.1,direct,
215442,Point Park University,PA,18,ZMPHH84J4NN4,ZMPHH84J4NN4,POINT PARK UNIVERSITY,4,18.5,direct,
215655,Robert Morris University,PA,17,H6GMNPAX9CY8,H6GMNPAX9CY8,ROBERT MORRIS UNIVERSITY,7,21.3,direct,
215691,Rosemont College,PA,19,FUPUKB23DQB6,FUPUKB23DQB6,ROSEMONT COLLEGE OF THE HOLY CHILD JESUS,3,3.8,direct,
215743,Saint Francis University,PA,18,LBCNAREKWMY9,LBCNAREKWMY9,SAINT FRANCIS UNIVERSITY,13,13.8,direct,
215770,Saint Joseph's University,PA,18,YGSGAA2XKP71,YGSGAA2XKP71,SAINT JOSEPHS UNIVERSITY,20,21.1,direct,
215929,University of Scranton,PA,18,,WV3XJPNFUL58,University of Scranton,30,39.0,manual,Different SAM.gov entity
215947,Seton Hill University,PA,19,J3ECKYUSG5B7,J3ECKYUSG5B7,SETON HILL UNIVERSITY,11,15.1,direct,
216010,Shippensburg University of Pennsylvania,PA,18,NYSMMLJWNRF6,NYSMMLJWNRF6,SHIPPENSBURG UNIVERSITY OF PENNSYLVANIA,5,45.8,direct,
216038,Slippery Rock University of Pennsylvania,PA,18,GFFCU8887FD1,GFFCU8887FD1,SLIPPERY ROCK UNIVERSITY OF PENNSYLVANIA,9,39.4,direct,
216339,Temple University,PA,15,QD4MGHFDJKU1,QD4MGHFDJKU1,TEMPLE UNIV OF THE COMMONWEALTH,829,908.8,direct,
216366,Thomas Jefferson University,PA,16,R8JEVL4ULGB7,R8JEVL4ULGB7,THOMAS JEFFERSON UNIVERSITY,459,549.8,direct,
216597,Villanova University,PA,16,EYNYSU6L8ZX6,EYNYSU6L8ZX6,Villanova University,155,69.0,direct,
216694,Waynesburg University,PA,19,N71ZMV6JNXN6,N71ZMV6JNXN6,"WAYNESBURG UNIVERSITY, THE",5,8.4,direct,
216764,West Chester University of Pennsylvania,PA,18,LJGZZLEEMG63,LJGZZLEEMG63,West Chester University of Pennsylvania,28,75.7,direct,
216852,Widener University,PA,17,GP1SKG5MFH79|D26CTA6SBUS7|LPPXSCZCAJB7,GP1SKG5MFH79,Widener University,15,19.0,direct,
216931,Wilkes University,PA,17,U8BCVKFYFJZ2,U8BCVKFYFJZ2,Wilkes University,10,20.1,direct,
217013,Wilson College,PA,20,G121H9Q9V9M6,G121H9Q9V9M6,WILSON COLLEGE,5,6.4,direct,
217059,York College of Pennsylvania,PA,20,NTK7K6JZXKP4,NTK7K6JZXKP4,YORK COLLEGE OF PENNSYLVANIA,2,17.4,direct,
217156,Brown University,RI,15,E3FDXZ6TBHW3,E3FDXZ6TBHW3,BROWN UNIVERSITY,1346,1335.0,direct,
217165,Bryant University,RI,19,X68FBFACV1E1,X68FBFACV1E1,BRYANT UNIVERSITY,8,15.1,direct,
217235,Johnson & Wales University-Providence,RI,18,PD97FDSY5TH6,PD97FDSY5TH6,JOHNSON & WALES UNIVERSITY,9,78.7,direct,
217402,Providence College,RI,18,PS92FW9E6MR8,PS92FW9E6MR8,PROVIDENCE COLLEGE,30,32.9,direct,
217420,Rhode Island College,RI,18,,CJDNG9D14MW7,UNIVERSITY OF RHODE ISLAND,509,486.6,name_match,Keyword match → 'UNIVERSITY OF RHODE ISLAND'
217484,University of Rhode Island,RI,16,CJDNG9D14MW7|YN2JWTVV9F85|NFS9RNJVPMC7|C6H8Y96LJR15|L7C8TDLNKZD9,CJDNG9D14MW7,UNIVERSITY OF RHODE ISLAND,509,486.6,direct,
217518,Roger Williams University,RI,19,PJMWVZFPFMY4,PJMWVZFPFMY4,ROGER WILLIAMS UNIVERSITY,21,32.1,direct,
217536,Salve Regina University,RI,18,RMPFM4MTWBZ6,RMPFM4MTWBZ6,SALVE REGINA UNIVERSITY,6,11.1,direct,
217633,Anderson University,SC,19,MHZ5YM6YJ2C1,MHZ5YM6YJ2C1,ANDERSON UNIVERSITY,5,12.2,direct,
217688,Charleston Southern University,SC,19,JFKHBYVHAYB4,JFKHBYVHAYB4,CHARLESTON SOUTHERN UNIVERSITY,5,19.0,direct,
217749,Bob Jones University,SC,20,FEN4U179ZD24,,,0,0.0,no_awards,
217776,Southern Wesleyan University,SC,18,SXNQC85MLC96,SXNQC85MLC96,SOUTHERN WESLEYAN UNIVERSITY,6,9.6,direct,
217819,College of Charleston,SC,18,SWV9EK5S9BX5,SWV9EK5S9BX5,COLLEGE OF CHARLESTON,82,76.9,direct,
217864,Citadel Military College of South Carolina,SC,18,XYZHM6HA92E5,XYZHM6HA92E5,Citadel Military College of South Carolina,12,11.9,direct,
217882,Clemson University,SC,15,H2BMNX7DSKU8,H2BMNX7DSKU8,CLEMSON UNIVERSITY,1147,911.1,direct,
217907,Coker University,SC,20,H9EECRX4W6S5,H9EECRX4W6S5,COKER UNIVERSITY,7,12.1,direct,
217925,Columbia International University,SC,20,MAKYDTN5CLM8,MAKYDTN5CLM8,COLUMBIA INTERNATIONAL UNIVERSITY,5,5.5,direct,
217934,Columbia College,SC,20,K5EBY26GSFJ7,K5EBY26GSFJ7,THE COLUMBIA COLLEGE,4,7.3,direct,
217961,Converse University,SC,20,PTL2BNQE4JL8,PTL2BNQE4JL8,CONVERSE UNIVERSITY,4,8.1,direct,
218061,Francis Marion University,SC,20,KQ8SV6752C73,KQ8SV6752C73,FRANCIS MARION UNIVERSITY,13,26.1,direct,
218335,Medical University of South Carolina,SC,25,NHV3GTWSALA7,NHV3GTWSALA7,MEDICAL UNIVERSITY OF SOUTH CAROLINA,730,937.8,direct,
218441,North Greenville University,SC,20,LBH5QLJ6R536,LBH5QLJ6R536,NORTH GREENVILLE UNIVERSITY,2,11.2,direct,
218663,University of South Carolina-Columbia,SC,15,J22LNTMEDP73,J22LNTMEDP73,UNIVERSITY OF SOUTH CAROLINA,968,986.0,direct,
218724,Coastal Carolina University,SC,18,Y125J95VYKX3,D9KPSNLHD9J5,Coastal Carolina University,26,59.2,manual,Different SAM.gov entity
218733,South Carolina State University,SC,20,JHM2PHX82EM7,JHM2PHX82EM7,SOUTH CAROLINA STATE UNIVERSITY,132,240.4,direct,
218964,Winthrop University,SC,18,N3KZE4TMNUM4,N3KZE4TMNUM4,WINTHROP UNIVERSITY,24,58.2,direct,
219000,Augustana University,SD,20,W6YZCPTMFSD5,W6YZCPTMFSD5,Augustana University Association,13,9.3,direct,
219046,Black Hills State University,SD,20,SHLLJPJTZE45,SHLLJPJTZE45,BLACK HILLS STATE UNIVERSITY,21,28.9,direct,
219082,Dakota State University,SD,20,ZJH6J31KU5C6,ZJH6J31KU5C6,Dakota State University,14,21.0,direct,
219198,Mount Marty University,SD,20,MK4EGTTKK988,MK4EGTTKK988,MOUNT MARTY UNIVERSITY,6,6.7,direct,
219259,Northern State University,SD,20,LCUDMY2K6GL9,LCUDMY2K6GL9,NORTHERN STATE UNIVERSITY,14,16.4,direct,
219356,South Dakota State University,SD,16,DNZNC466DGR7,DNZNC466DGR7,SOUTH DAKOTA STATE UNIVERSITY,346,259.2,direct,
219383,University of Sioux Falls,SD,19,,MZALJJHTAB63,SIOUX FALLS SCHOOL DISTRICT NO 49-5,8,2.7,name_match,Keyword match → 'SIOUX FALLS SCHOOL DISTRICT NO 49-5'
219471,University of South Dakota,SD,16,U9EDNSCHTBE7,U9EDNSCHTBE7,THE UNIVERSITY OF SOUTH DAKOTA,121,119.6,direct,
219602,Austin Peay State University,TN,18,,RWKCVTBEDCX7,AUSTIN PEAY STATE UNIVERSITY,22,81.3,manual,Different SAM.gov entity
219709,Belmont University,TN,17,JL4LA6VPHWS9,JL4LA6VPHWS9,BELMONT UNIVERSITY,6,23.8,direct,
219718,Bethel University,TN,18,,,,0,0.0,no_awards,
219790,Bryan College-Dayton,TN,20,RFWMG99SL1K4,RFWMG99SL1K4,BRYAN COLLEGE,3,4.0,direct,
219806,Carson-Newman University,TN,17,K54LRJF8L4B1,K54LRJF8L4B1,CARSON-NEWMAN UNIVERSITY,2,11.7,direct,
219833,Christian Brothers University,TN,18,MJ5CJVF6T189,MJ5CJVF6T189,CHRISTIAN BROTHERS UNIVERSITY,6,10.4,direct,
219949,Cumberland University,TN,19,VBVNPL8B7JY1,VBVNPL8B7JY1,CUMBERLAND UNIVERSITY,5,14.3,direct,
219976,Lipscomb University,TN,17,LUENG479WQW1,LUENG479WQW1,LIPSCOMB UNIVERSITY,6,19.5,direct,
220075,East Tennessee State University,TN,16,V5LLVC627U34,V5LLVC627U34,EAST TENNESSEE STATE UNIVERSITY,123,164.0,direct,
220215,Freed-Hardeman University,TN,20,GP5NNMHDBDV7,GP5NNMHDBDV7,FREED-HARDEMAN UNIVERSITY,2,7.0,direct,
220516,King University,TN,18,RCWNUH9DNQE4,RCWNUH9DNQE4,KING UNIVERSITY,2,8.3,direct,
220613,Lee University,TN,19,FM11Y65SWRG3,FM11Y65SWRG3,LEE UNIVERSITY,11,30.0,direct,
220631,Lincoln Memorial University,TN,17,LD16WBLNEA71,LD16WBLNEA71,LINCOLN MEMORIAL UNIVERSITY,18,20.9,direct,
220792,Meharry Medical College,TN,25,,NKU7XEBSMGV7,MEHARRY MEDICAL COLLEGE,50,123.7,name_match,Keyword match → 'MEHARRY MEDICAL COLLEGE'
220862,University of Memphis,TN,16,F2VSMAKDH8Z7,F2VSMAKDH8Z7,University of Memphis,194,230.3,direct,
220978,Middle Tennessee State University,TN,17,VMWUDBTMF4C9,VMWUDBTMF4C9,MIDDLE TENNESSEE STATE UNIVERSITY,104,145.8,direct,
221661,Southern Adventist University,TN,19,XARHG67KH385,XARHG67KH385,SOUTHERN ADVENTIST UNIVERSITY,7,14.9,direct,
221740,The University of Tennessee-Chattanooga,TN,17,U5XGJG7ZVLK3,JNZFHMGJN7M3,University of Tennessee Chattanooga,92,115.1,manual,Files as UNIVERSITY OF TENNESSEE CHATTANOOGA
221759,The University of Tennessee-Knoxville,TN,15,FN2YCS2YAUW3,FN2YCS2YAUW3,University of Tennessee Knoxville,811,822.5,direct,
221768,The University of Tennessee-Martin,TN,20,VBVKFE7E5FJ9,VBVKFE7E5FJ9,UNIVERSITY OF TENNESSEE,32,40.9,direct,
221838,Tennessee State University,TN,16,N63ZMY7UETA3,N63ZMY7UETA3,TENNESSEE STATE UNIVERSITY,330,485.5,direct,
221847,Tennessee Technological University,TN,16,KZNHNMDUTJA5,KZNHNMDUTJA5,TENNESSEE TECHNOLOGICAL UNIVERSITY,107,117.9,direct,
221892,Trevecca Nazarene University,TN,17,XJ3RAMR9JH25,XJ3RAMR9JH25,TREVECCA NAZARENE UNIVERSITY,5,10.7,direct,
221953,Tusculum University,TN,19,WLC1GBMGN9N7,WLC1GBMGN9N7,TUSCULUM UNIVERSITY,19,30.6,direct,
221971,Union University,TN,17,HMEYL2VB2M57,HMEYL2VB2M57,UNION UNIVERSITY,2,10.8,direct,
221999,Vanderbilt University,TN,15,GTNBNWXJ12D5,GTNBNWXJ12D5,Vanderbilt University,635,632.6,direct,
222178,Abilene Christian University,TX,18,,HY7SGWC5EWF9,ABILENE CHRISTIAN UNIVERSITY,23,37.5,name_match,Keyword match → 'ABILENE CHRISTIAN UNIVERSITY'
222628,Amberton University,TX,18,J2JLQFN6NBJ1,J2JLQFN6NBJ1,AMBERTON UNIVERSITY,3,0.8,direct,
222831,Angelo State University,TX,18,G259P4JNCHG5,G259P4JNCHG5,ANGELO STATE UNIVERSITY,20,58.4,direct,
223223,Baylor College of Medicine,TX,25,FXKMA43NTV21,FXKMA43NTV21,BAYLOR COLLEGE OF MEDICINE,1528,2521.1,direct,
223232,Baylor University,TX,16,C6T9BYG5EYX5,C6T9BYG5EYX5,BAYLOR UNIVERSITY,267,332.8,direct,
224004,Concordia University Texas,TX,18,,,,0,0.0,no_awards,Small Lutheran school; name_match false positive via keyword TEXAS
224147,Texas A & M University-Corpus Christi,TX,16,Y3RET2XN41S5,Y3RET2XN41S5,TEXAS A&M UNIVERSITY-CORPUS CHRISTI,174,165.0,direct,
224226,Dallas Baptist University,TX,17,UCWNP5L9P2B3,,,0,0.0,no_awards,
224323,University of Dallas,TX,18,HBASG2FE95R8,HBASG2FE95R8,UNIVERSITY OF DALLAS,7,8.2,direct,
224545,Texas A&M University-Texarkana,TX,19,,,,0,0.0,no_awards,Small A&M campus with no IPEDS UEI; name_match false positive via keyword TEXAS
224554,Texas A & M University-Commerce,TX,17,FRCKHD9EKUY9,FRCKHD9EKUY9,EAST TEXAS A&M UNIVERSITY,56,83.7,direct,
225247,Hardin-Simmons University,TX,19,LDDBB2MZFUH5,LDDBB2MZFUH5,HARDIN-SIMMONS UNIVERSITY,6,14.4,direct,
225399,Houston Christian University,TX,18,ZD5ZBMA99Z25,ZD5ZBMA99Z25,HOUSTON CHRISTIAN UNIVERSITY,14,25.9,direct,
225414,University of Houston-Clear Lake,TX,18,RD74AUNCTZJ1,RD74AUNCTZJ1,UNIVERSITY OF HOUSTON SYSTEM,31,59.1,direct,
225432,University of Houston-Downtown,TX,18,D7Q8JLAJU3M4,D7Q8JLAJU3M4,University of Houston,35,98.2,direct,
225502,University of Houston-Victoria,TX,18,G73MUVS5DL59,G73MUVS5DL59,TEXAS A&M UNIVERSITY - VICTORIA,11,18.1,direct,
225511,University of Houston,TX,15,PH6HQZLPA687| G1JCVZH116P4| QKWEF8XLMTT3,QKWEF8XLMTT3,University of Houston,784,775.5,secondary_uei,
225627,University of the Incarnate Word,TX,17,CV52PP94GAD5,CV52PP94GAD5,UNIVERSITY OF THE INCARNATE WORD,26,51.6,direct,
226091,Lamar University,TX,17,MEYGUN6CCN16,MEYGUN6CCN16,LAMAR UNIVERSITY,31,58.2,direct,
226152,Texas A & M International University,TX,18,XHHLMNNVJ2H9,XHHLMNNVJ2H9,TEXAS A&M INTERNATIONAL UNIVERSITY,39,128.2,direct,
226231,LeTourneau University,TX,19,GKEEPUL16D56,GKEEPUL16D56,LETOURNEAU UNIVERSITY,4,6.9,direct,
226383,Lubbock Christian University,TX,19,JDFURE72XN86,JDFURE72XN86,LUBBOCK CHRISTIAN UNIVERSITY,3,8.1,direct,
226471,University of Mary Hardin-Baylor,TX,18,JQZPGE33SU95,JQZPGE33SU95,UNIVERSITY OF MARY HARDIN-BAYLOR,3,20.1,direct,
226833,Midwestern State University,TX,18,KNHTCUCMELZ5,KNHTCUCMELZ5,MIDWESTERN STATE UNIVERSITY,13,33.1,direct,
227216,University of North Texas,TX,15,G47WN1XZNWXg,G47WN1XZNWX9,University of North Texas,315,364.9,manual,IPEDS UEI trailing char typo (g→9)
227331,Our Lady of the Lake University,TX,17,RRWPRNJR5L49,RRWPRNJR5L49,OUR LADY OF LAKE UNIVERSITY OF SAN ANTONIO,18,37.2,direct,
227368,The University of Texas Rio Grande Valley,TX,16,L3ATVUT2KNK7,L3ATVUT2KNK7,UTRGV,450,534.4,direct,
227526,Prairie View A & M University,TX,18,FTAAW94S6LC6,FTAAW94S6LC6,PRAIRIE VIEW A&M UNIVERSITY,253,583.4,direct,
227757,Rice University,TX,15,K51LECU1G8N3,K51LECU1G8N3,William Marsh Rice University,909,710.2,direct,
227845,Saint Edward's University,TX,18,NJ3CNK23MP29,NJ3CNK23MP29,"SAINT EDWARD'S UNIVERSITY, INC",19,39.6,direct,
227863,University of St Thomas,TX,18,F2UMFMN2W568,F2UMFMN2W568,UNIVERSITY OF SAINT THOMAS,17,31.0,direct,
227881,Sam Houston State University,TX,17,DJPXLZAE9931,DJPXLZAE9931,SAM HOUSTON STATE UNIVERSITY,115,155.4,direct,
228149,St. Mary's University,TX,18,VGLPU3GKY6Q5,VGLPU3GKY6Q5,"ST. MARY'S UNIVERSITY OF SAN ANTONIO, TEXAS",50,68.1,direct,
228246,Southern Methodist University,TX,16,,D33QGS3Q3DJ3,SOUTHERN METHODIST UNIVERSITY,222,196.3,name_match,Keyword match → 'SOUTHERN METHODIST UNIVERSITY'
228325,Southwestern Assemblies of God University,TX,20,WMKDN1KNK191,WMKDN1KNK191,NELSON UNIVERSITY,3,8.0,direct,
228431,Stephen F Austin State University,TX,17,KB7KMZD3GF51,KB7KMZD3GF51,STEPHEN F AUSTIN STATE UNIVERSITY,26,79.1,direct,
228459,Texas State University,TX,16,HS5HWWK1AAU5,HS5HWWK1AAU5,Texas State University,330,434.1,direct,
228501,Sul Ross State University,TX,18,FCK4Z3D3CH48,FCK4Z3D3CH48,SUL ROSS STATE UNIVERSITY,32,62.8,direct,
228529,Tarleton State University,TX,18,CARNQUWDBRP7,CARNQUWDBRP7,TARLETON STATE UNIVERSITY,50,84.4,direct,
228635,University of Texas Southwestern Medical Center,TX,25,YZJ6DKPM4W63,YZJ6DKPM4W63,UT SOUTHWESTERN MEDICAL CENTER,1414,1841.7,direct,
228644,The University of Texas Health Science Center at San Antonio,TX,25,C3KXNLTAAY98,C3KXNLTAAY98,UNIVERSITY OF TEXAS HLTH SCIENCE CENTER,603,821.5,direct,
228653,The University of Texas Medical Branch at Galveston,TX,25,,MSPWVMXXMN76,UNIVERSITY OF TEXAS MED BR GALVESTON,450,661.3,name_match,Keyword match → 'UNIVERSITY OF TEXAS MED BR GALVESTON'
228705,Texas A & M University-Kingsville,TX,16,SQ6VAWQ7YSZ4,SQ6VAWQ7YSZ4,TEXAS A & M UNIVERSITY KINGSVILLE,203,177.2,direct,
228723,Texas A & M University-College Station,TX,15,ZM3QVJ8ACN11|JF6XLNB4CDJ5|G8Y3L8JV2588|EWBQLSGB8UM7,ZM3QVJ8ACN11,TEXAS A & M UNIVERSITY SYSTEM,2,0.0,direct,
228769,The University of Texas at Arlington,TX,15,LMLUKUPJJ9N3,LMLUKUPJJ9N3,UT Arlington,622,598.3,direct,
228778,The University of Texas at Austin,TX,15,V6AFQPN18437,V6AFQPN18437,UT Austin,1911,2573.8,direct,
228787,The University of Texas at Dallas,TX,15,EJCVPNN1WFS5,EJCVPNN1WFS5,UT Dallas,639,546.3,direct,
228796,The University of Texas at El Paso,TX,15,C1DEGMMKC7W7,C1DEGMMKC7W7,UTEP,491,555.1,direct,
228802,The University of Texas at Tyler,TX,17,L4XJEPDB3QJ9,L4XJEPDB3QJ9,"UNIVERSITY OF TEXAS AT TYLER, THE",28,41.4,direct,
228875,Texas Christian University,TX,16,MJCLFGKGULP5,MJCLFGKGULP5,TEXAS CHRISTIAN UNIVERSITY,58,66.6,direct,
228909,University of North Texas Health Science Center,TX,25,JE8AKPCR2KA4,JE8AKPCR2KA4,UNIVERSITY OF NORTH TEXAS HLTH SCI CTR,102,331.0,direct,
229018,The University of Texas Permian Basin,TX,18,XKHTJ63YJFG4,XKHTJ63YJFG4,THE UNIVERSITY OF TEXAS PERMIAN BASIN,24,37.0,direct,
229027,The University of Texas at San Antonio,TX,16,U44ZMVYU52U6,U44ZMVYU52U6,UTSA,530,556.1,direct,
229063,Texas Southern University,TX,16,HHYJJ5ZP7CR9,HYYJJ5ZP7CR9,TEXAS SOUTHERN UNIVERSITY,102,447.5,manual,IPEDS UEI single-char typo pos 1 (H→Y)
229115,Texas Tech University,TX,15,EGLKRQ5JBCZ7,EGLKRQ5JBCZ7,Texas Tech University,623,490.1,direct,
229160,Texas Wesleyan University,TX,17,EC4AWY7A7885,EC4AWY7A7885,TEXAS WESLEYAN UNIVERSITY,17,28.1,direct,
229179,Texas Woman's University,TX,17,DGE6L9T3CW25,DGE6L9T3CW25,TEXAS WOMANS UNIVERSITY,50,83.8,direct,
229267,Trinity University,TX,20,U4SCDG6B6NM8,U4SCDG6B6NM8,TRINITY UNIVERSITY,39,27.7,direct,
229300,The University of Texas Health Science Center at Houston,TX,25,ZUFBNVZ587D4,ZUFBNVZ587D4,UNIVERSITY OF TEXAS HLTH SCI CTR HOUSTON,850,1128.2,direct,
229337,Texas Tech University Health Sciences Center,TX,25,E4Z2NUYUMHF9,E4Z2NUYUMHF9,TEXAS TECH UNIVERSITY HEALTH SCIS CENTER,100,102.2,direct,
229780,Wayland Baptist University,TX,18,Q4BCX44LZQK4,Q4BCX44LZQK4,WAYLAND BAPTIST UNIVERSITY,8,20.3,direct,
229814,West Texas A & M University,TX,18,XTV5KMWKWES1|TRMGFQWVM1N8,XTV5KMWKWES1,"TEXAS A&M UNIVERSITY SYSTEM,THE",6,2.7,direct,
230038,Brigham Young University,UT,16,JWSYC7RUMJD1,JWSYC7RUMJD1,BRIGHAM YOUNG UNIVERSITY,268,143.2,direct,
230603,Southern Utah University,UT,18,C8WLYVK4EYL1,C8WLYVK4EYL1,SOUTHERN UTAH UNIVERSITY,31,56.2,direct,
230728,Utah State University,UT,16,SPE2YDWHDYU4,SPE2YDWHDYU4,UTAH STATE UNIVERSITY,590,497.8,direct,
230737,Utah Valley University,UT,20,Y9EYFJSLWXU8,Y9EYFJSLWXU8,UTAH VALLEY UNIVERSITY,34,220.0,direct,
230764,University of Utah,UT,15,C2FPQ758BZ61,LL8GLEVH6MG3,University of Utah,2376,2879.5,manual,Different SAM.gov entity; awards filed as 'University of Utah'
230782,Weber State University,UT,18,,ZAVDUCLBZG77,WEBER STATE UNIVERSITY,34,108.2,manual,Different SAM.gov entity
230807,Westminster University,UT,18,,,,0,0.0,no_awards,
230852,Champlain College,VT,18,MQYDD4MY5HB5,MQYDD4MY5HB5,CHAMPLAIN COLLEGE INCORPORATED,5,18.9,direct,
230889,Goddard College,VT,19,QELHXTCUAKF1,QELHXTCUAKF1,GODDARD COLLEGE CORP,4,1.9,direct,
230913,Northern Vermont University,VT,20,,,,0,0.0,no_awards,
230995,Norwich University,VT,18,VFQPWNA7EJF8,VFQPWNA7EJF8,NORWICH UNIVERSITY,12,55.5,direct,
231068,SIT Graduate Institute,VT,19,PCFKGNDRA2B4,,,0,0.0,no_awards,
231174,University of Vermont,VT,16,Z94KLERAG5V9,Z94KLERAG5V9,UNIVERSITY OF VERMONT & STATE AGRICULTURAL COLLEGE,740,811.8,direct,
231624,William & Mary,VA,16,EVWJPCY6AD97,EVWJPCY6AD97,College of William and Mary,175,104.3,direct,
231651,Regent University,VA,17,JV17J2M8D4E6,JV17J2M8D4E6,REGENT UNIVERSITY,5,14.0,direct,
231712,Christopher Newport University,VA,20,VMYDF2TZHHB6,VMYDF2TZHHB6,Christopher Newport University,27,26.6,direct,
231970,Eastern Virginia Medical School,VA,25,CTLVX9M7AMR4,CTLVX9M7AMR4,OLD DOMINION UNIVERSITY,76,67.8,direct,
232043,Eastern Mennonite University,VA,19,ZKGYWDLKCU93,ZKGYWDLKCU93,EASTERN MENNONITE UNIVERSITY,10,8.7,direct,
232186,George Mason University,VA,15,,EADLFP7Z72E5,GEORGE MASON UNIVERSITY,804,622.2,name_match,Keyword match → 'GEORGE MASON UNIVERSITY'
232265,Hampton University,VA,16,,KSJKE3KVNBB4,HAMPTON UNIVERSITY,133,231.0,manual,Different SAM.gov entity
232423,James Madison University,VA,18,MVTKSCN6NMH3,MVTKSCN6NMH3,James Madison University,91,105.6,direct,
232557,Liberty University,VA,17,CK9CNLPNKLK5,CK9CNLPNKLK5,LIBERTY UNIVERSITY INC,12,119.3,direct,
232566,Longwood University,VA,19,D2VQKGEAKLB4,D2VQKGEAKLB4,Longwood University,9,4.4,direct,
232609,University of Lynchburg,VA,19,D1ZKMKNLGM25,D1ZKMKNLGM25,University of Lynchburg,7,13.0,direct,
232672,Mary Baldwin University,VA,17,TGPTYAJJ7739,TGPTYAJJ7739,MARY BALDWIN UNIVERSITY,4,7.0,direct,
232681,University of Mary Washington,VA,19,LJ3JQCZAM1H3,LJ3JQCZAM1H3,UNIVERSITY OF MARY WASHINGTON,9,20.0,direct,
232706,Marymount University,VA,18,FPZ9KW2KCUF7,FPZ9KW2KCUF7,MARYMOUNT UNIVERSITY,14,19.5,direct,
232937,Norfolk State University,VA,19,XAHKEJAWL1N6,XAHKEJAWL1N6,NORFOLK STATE UNIVERSITY,66,297.6,direct,
232982,Old Dominion University,VA,16,ELA9KB9GJCN8,ELA9KB9GJCN8,OLD DOMINION UNIVERSITY,43,136.4,direct,
233277,Radford University,VA,18,K9S5WN17JFD5| JE98DMNW8BK4,K9S5WN17JFD5,RADFORD UNIVERSITY,1,0.0,direct,
233541,Shenandoah University,VA,17,KTPBYA983Y35,KTPBYA983Y35,SHENANDOAH UNIVERSITY,3,11.5,direct,
233684,Strayer University-Virginia,VA,18,NE3DFYDLVKW5,NE3DFYDLVKW5,"STRAYER UNIVERSITY, LLC",1,8.4,direct,
233921,Virginia Polytechnic Institute and State University,VA,15,QDE5UHE5XD16,QDE5UHE5XD16,VIRGINIA POLYTECHNIC INSTITUTE & STATE UNIVERSITY,2197,1648.1,direct,
234030,Virginia Commonwealth University,VA,15,MLQFL4JSSAA9,MLQFL4JSSAA9,VIRGINIA COMMONWEALTH UNIVERSITY,943,1074.2,direct,
234076,University of Virginia-Main Campus,VA,15,JJG6HU8PA4S5,JJG6HU8PA4S5,UNIVERSITY OF VIRGINIA,1995,2109.4,direct,
234155,Virginia State University,VA,19,VKZLFK6M5DD3,VKZLFK6M5DD3,VIRGINIA STATE UNIVERSITY,215,299.4,direct,
234827,Central Washington University,WA,18,SESUYWJGE3Y3,SESUYWJGE3Y3,CENTRAL WASHINGTON UNIVERSITY,49,111.5,direct,
234915,City University of Seattle,WA,18,NQGXLCAH12Z1,NQGXLCAH12Z1,CITY UNIVERSITY OF SEATTLE,4,3.4,direct,
235097,Eastern Washington University,WA,18,QL3XATN986L1,QL3XATN9H6L1,EASTERN WASHINGTON UNIVERSITY,64,102.7,manual,IPEDS UEI char swap (986→H6L)
235167,The Evergreen State College,WA,20,CY9BGL4NJUP4,CY9BGL4NJUP4,THE EVERGREEN STATE COLLEGE,28,49.2,direct,
235316,Gonzaga University,WA,17,Y14CPR31B6C3,Y14CPR31B6C3,THE CORPORATION OF GONZAGA UNIVERSITY,19,41.1,direct,
235422,Heritage University,WA,18,HQGUGJK3CAW3,HQGUGJK3CAW3,HERITAGE UNIVERSITY,21,47.6,direct,
236133,Northwest University,WA,19,LNZMFB27NWN5,LNZMFB27NWN5,NORTHWEST UNIVERSITY,2,6.7,direct,
236230,Pacific Lutheran University,WA,19,WR6BH9NBSC74,WR6BH9NBSC74,Pacific Lutheran University,7,17.2,direct,
236452,Saint Martin's University,WA,19,X1JTKJDRL5M7,X1JTKJDRL5M7,SAINT MARTINS UNIVERSITY,7,10.3,direct,
236577,Seattle Pacific University,WA,17,,ZGJNCLDUKDR3,Seattle Pacific University,7,18.4,name_match,Keyword match → 'Seattle Pacific University'
236595,Seattle University,WA,17,LCYLGVGSEQE3,LCYLGVGSEQE3,Seattle University,27,32.8,direct,
236896,Walla Walla University,WA,20,QXLZSN5E67W5,QXLZSN5E67W5,WALLA WALLA UNIVERSITY,4,7.9,direct,
236939,Washington State University,WA,15,XRJSGX384TD6,XRJSGX384TD6,WASHINGTON STATE UNIVERSITY,960,946.4,direct,
236948,University of Washington-Seattle Campus,WA,15,NFJ3CMQ4B418,NFJ3CMQ4B418,UNIVERSITY OF WASHINGTON,127,409.3,direct,
237011,Western Washington University,WA,18,U3ZFA57417D4,U3ZFA57417D4,Western Washington University,144,115.5,direct,
237066,Whitworth University,WA,19,K5P1N9G7SH79,K5P1N9G7SH79,Whitworth University,9,18.3,direct,
237312,University of Charleston,WV,17,JDVXRJ31HSH1,JDVXRJ31HSH1,"THE UNIVERSITY OF CHARLESTON, INC.",8,11.0,direct,
237330,Concord University,WV,19,FR6NQJ9ZBJ47,FR6NQJ9ZBJ47,CONCORD UNIVERSITY,26,48.0,direct,
237367,Fairmont State University,WV,20,LT6GBAABUG33,LT6GBAABUG33,FAIRMONT STATE UNIVERSITY,11,27.2,direct,
237525,Marshall University,WV,16,R7MPN6PLCWU8| N5MWHJMNSNU9| HH1NQ1B5MPV3| KNJRECJ6NCN1| GVATHZ6L2AG5,R7MPN6PLCWU8,MARSHALL UNIVERSITY,28,86.5,direct,
237783,Salem University,WV,20,T864TXKPJ447,T864TXKPJ447,SALEM INTERNATIONAL UNIVERSITY,7,7.7,direct,
237880,West Virginia School of Osteopathic Medicine,WV,25,,VJ8YGMQXL9F5,EDWARD VIA VIRGINIA COLLEGE OF OSTEOPATHIC MEDICINE,6,4.7,name_match,Keyword match → 'EDWARD VIA VIRGINIA COLLEGE OF OSTEOPATHIC MEDICINE'
237932,West Liberty University,WV,20,SH2ZG4JDQER7,SH2ZG4JDQER7,WEST LIBERTY UNIVERSITY,4,13.5,direct,
237969,West Virginia Wesleyan College,WV,20,CCE4HKK5FQM8,CCE4HKK5FQM8,WEST VIRGINIA WESLEYAN COLLEGE,5,16.7,direct,
238032,West Virginia University,WV,15,MNL4D3VQUWA5,MNL4D3VQUWA5,WEST VIRGINIA UNIVERSITY,367,529.0,direct,
238078,Wheeling University,WV,19,,,,0,0.0,no_awards,
238193,Alverno College,WI,19,WCMLW2MWGPZ4,WCMLW2MWGPZ4,ALVERNO COLLEGE,13,18.6,direct,
238430,Cardinal Stritch University,WI,17,,RJAJQEK32NP1,"CARDINAL STRITCH UNIVERSITY, INC.",3,6.2,name_match,"Keyword match → 'CARDINAL STRITCH UNIVERSITY, INC.'"
238458,Carroll University,WI,20,RHULFWJE7JK7,RHULFWJE7JK7,"CARROLL UNIVERSITY, INC.",4,12.8,direct,
238616,Concordia University-Wisconsin,WI,17,U4LEMWXKEJY6| VALMJG76GS34,U4LEMWXKEJY6,"CONCORDIA UNIVERSITY, INC.",4,21.8,direct,
238661,Edgewood College,WI,17,V3UVF652MLH6,V3UVF652MLH6,"EDGEWOOD COLLEGE, INC.",2,7.3,direct,
238980,Lakeland University,WI,18,KN93R1WC5ES4,KN93R1WC5ES4,"LAKELAND UNIVERSITY, INC",4,9.6,direct,
239080,Marian University,WI,19,HBXXMXCU3UR1,HBXXMXCU3UR1,"MARIAN UNIVERSITY, INC.",10,14.4,direct,
239105,Marquette University,WI,16,HKJCKTFJNBM7,HKJCKTFJNBM7,MARQUETTE UNIVERSITY,205,201.4,direct,
239169,Medical College of Wisconsin,WI,25,E8VWJXMMUQ67,E8VWJXMMUQ67,MEDICAL COLLEGE OF WISCONSIN,616,830.0,direct,
239318,Milwaukee School of Engineering,WI,19,M6RCJVHKTHJ5,M6RCJVHKTHJ5,Milwaukee School of Engineering,8,14.6,direct,
239390,Mount Mary University,WI,19,T9KFFNUW2SY6,T9KFFNUW2SY6,"MOUNT MARY UNIVERSITY, INC.",11,21.2,direct,
240107,Viterbo University,WI,18,KTACX1RJDZM4,KTACX1RJDZM4,VITERBO UNIVERSITY INC,7,13.0,direct,
240189,University of Wisconsin-Whitewater,WI,18,M73MZJWBNZN5,M73MZJWBNZN5,UNIVERSITY OF WISCONSIN SYSTEM,21,58.1,direct,
240268,University of Wisconsin-Eau Claire,WI,19,RYAQZNSJN9Q9,RYAQZNSJN9Q9,UNIVERSITY OF WISCONSIN SYSTEM,44,66.7,direct,
240277,University of Wisconsin-Green Bay,WI,19,GBJMUZDMLN84,GBJMUZDMLN84,UNIVERSITY OF WISCONSIN SYSTEM,20,33.2,direct,
240329,University of Wisconsin-La Crosse,WI,18,LZFYPNDKE3Y5,LZFYPNDKE3Y5,UNIVERSITY OF WISCONSIN SYSTEM,29,54.2,direct,
240365,University of Wisconsin-Oshkosh,WI,18,DCYNUU4E7Q66,DCYNUU4E7Q66,UNIVERSITY OF WISCONSIN SYSTEM,24,58.4,direct,
240392,Herzing University-Madison,WI,19,JDF5MPY3N5T3,JDF5MPY3N5T3,"HERZING UNIVERSITY, LTD",7,38.3,direct,
240417,University of Wisconsin-Stout,WI,18,C6K4GK8PJYT4,C6K4GK8PJYT4,UNIVERSITY OF WISCONSIN SYSTEM,29,61.3,direct,
240444,University of Wisconsin-Madison,WI,15,LCLSJAGTNZQ7,LCLSJAGTNZQ7,UNIVERSITY OF WISCONSIN-MADISON,3985,5450.5,direct,
240453,University of Wisconsin-Milwaukee,WI,15,JBQ9M3PLFDP5,JBQ9M3PLFDP5,UNIVERSITY OF WISCONSIN SYSTEM,234,281.8,direct,
240462,University of Wisconsin-Platteville,WI,18,EARPJJ6CMFG7,EARPJJ6CMFG7,UNIVERSITY OF WISCONSIN SYSTEM,28,41.8,direct,
240471,University of Wisconsin-River Falls,WI,19,DZNGAULLMMZ3,DZNGAULLMMZ3,University of Wisconsin-River Falls,5,1.8,direct,
240480,University of Wisconsin-Stevens Point,WI,20,DKSMGAFW4CS8,DKSMGAFW4CS8,UNIVERSITY OF WISCONSIN SYSTEM,23,48.0,direct,
240727,University of Wyoming,WY,16,FDR5YF2K32X5,FDR5YF2K32X5,UNIVERSITY OF WYOMING,534,559.5,direct,
240754,University of Guam,GU,19,,,,0,0.0,no_awards,
241225,Universidad Central de Bayamon,PR,20,JFA4KNMF5AM3,XVQJLM5S8L85,UNIVERSIDAD CENTRAL DEL CARIBE,14,6.5,name_match,Keyword match → 'UNIVERSIDAD CENTRAL DEL CARIBE'
241377,Caribbean University-Bayamon,PR,20,TA59JE7BA8T8,TA59JE7BA8T8,"CARIBBEAN UNIVERSITY, INC",5,23.9,direct,
241395,Pontifical Catholic University of Puerto Rico-Arecibo,PR,20,FGNMYHB9WBN4,FGNMYHB9WBN4,PONTIFICAL CATHOLIC UNIVERSITY OF PUERTO RICO,19,96.3,direct,
241410,Pontifical Catholic University of Puerto Rico-Ponce,PR,17,FGNMYHB9WBN4,FGNMYHB9WBN4,PONTIFICAL CATHOLIC UNIVERSITY OF PUERTO RICO,19,96.3,direct,
241739,Universidad Ana G. Mendez-Cupey Campus,PR,18,TY2VJSDKCZ94,TY2VJSDKCZ94,Universidad Metropolitana,2,0.5,direct,
242617,Inter American University of Puerto Rico-San German,PR,17,V21SL292G8J7,V21SL292G8J7,"INTER AMERICAN UNIVERSITY OF PUERTO RICO, INC",25,78.0,direct,
242626,Inter American University of Puerto Rico-Aguadilla,PR,20,XYNVGA9MLGN7,XYNVGA9MLGN7,"INTER AMERICAN UNIVERSITY OF PUERTO RICO, INC.",14,61.0,direct,
242635,Inter American University of Puerto Rico-Arecibo,PR,19,TJURX4A9KDC5,TJURX4A9KDC5,"INTER AMERICAN UNIVERSITY OF PUERTO RICO, INC.",13,60.7,direct,
242653,Inter American University of Puerto Rico-Metro,PR,17,JSFAKPEEWFC3,JSFAKPEEWFC3,"INTER AMERICAN UNIVERSITY OF PUERTO RICO, INC.",20,75.0,direct,
242662,Inter American University of Puerto Rico-Ponce,PR,20,KBLPFKKQMJ87,KBLPFKKQMJ87,INTER AMERICAN UNIVERSITY OF PUERTO RICO INC,12,53.1,direct,
242680,Inter American University of Puerto Rico-Fajardo,PR,20,LLLFAZARJZD6,LLLFAZARJZD6,INTER AMERICAN UNIVERSITY OF PUERTO RICO INC,9,29.9,direct,
243081,Ponce Health Sciences University,PR,16,EFPSN2GR1XS8,NH77YPDEGG84,HENRY FORD HEALTH + MICHIGAN STATE UNIVERSITY HEALTH SCIENCES,94,107.2,name_match,Keyword match → 'HENRY FORD HEALTH + MICHIGAN STATE UNIVERSITY HEALTH SCIENCES'
243197,University of Puerto Rico-Mayaguez,PR,18,GZRNJ1GZDBM1,GZRNJ1GZDBM1,UNIVERSITY OF PUERTO RICO,184,226.3,direct,
243203,University of Puerto Rico-Medical Sciences,PR,25,KWTAB1GYM4L9,KWTAB1GYM4L9,UNIVERSITY OF PUERTO RICO MED SCIENCES,113,175.1,direct,
243221,University of Puerto Rico-Rio Piedras,PR,16,Q3LLLDFHPNL3,Q3LLLDFHPNL3,UNIVERSITY OF PUERTO RICO,136,224.0,direct,
243346,Universidad Ana G. Mendez-Carolina Campus,PR,18,KJ6MKF4LZ598,KJ6MKF4LZ598,"Sistema Universitario Ana G. Mendez, Incorporado",3,2.4,direct,
243443,Universidad del Sagrado Corazon,PR,19,LFSJVHS7BTQ1,LFSJVHS7BTQ1,"Universidad del Sagrado Corazon, Inc.",3,2.8,direct,
243568,Universidad Central Del Caribe,PR,25,XVQJLM5s8L85,XVQJLM5S8L85,UNIVERSIDAD CENTRAL DEL CARIBE,14,6.5,case_fix,"IPEDS stored as 'XVQJLM5s8L85', normalized to 'XVQJLM5S8L85'"
243601,Universidad Ana G. Mendez-Gurabo Campus,PR,17,KSPKNZ673H55,KSPKNZ673H55,"UNIVERSITY COLLEGE OF TURABO (CAGUAS,PR)",2,0.5,direct,
243744,Stanford University,CA,15,HJD6G4D6TJY5,HJD6G4D6TJY5,STANFORD UNIVERSITY,4185,5419.6,direct,
243780,Purdue University-Main Campus,IN,15,YRXVL4JYCEF5,YRXVL4JYCEF5,Purdue University,2842,2424.3,direct,
243832,EDP University of Puerto Rico Inc-San Juan,PR,20,DGFDGMAFL2S5,DGFDGMAFL2S5,EDP UNIVERSITY OF PUERTO RICO INC,12,36.7,direct,
245838,Antioch University-Los Angeles,CA,19,NBK7AL5NMMN8,,,0,0.0,no_awards,
245847,Antioch University-Santa Barbara,CA,20,ZAGUBBCCQH67,Y9KAMYJ8Z6C5,SANTA BARBARA COMMUNITY COLLEGE DISTRICT,8,54.2,name_match,Keyword match → 'SANTA BARBARA COMMUNITY COLLEGE DISTRICT'
245865,Antioch University-New England,NH,19,KFHZH5HDCPP3,,,0,0.0,no_awards,
245883,Antioch University-Seattle,WA,19,CHCBT5MM9A66,,,0,0.0,no_awards,
245892,Antioch University,OH,20,NGCKFNEEYJL5,,,0,0.0,no_awards,
245953,Mid-America Christian University,OK,19,GEBVJ51VKQM9,GEBVJ51VKQM9,"MID-AMERICA CHRISTIAN UNIVERSITY, INC.",7,7.7,direct,
248934,ECPI University,VA,19,JLSQCJJNV5V5,JLSQCJJNV5V5,"ECPI UNIVERSITY, LLC",4,32.3,direct,
251312,South University-Columbia,SC,19,PW5HK89WBD57,,,0,0.0,no_awards,
262086,University of Massachusetts Global,CA,17,MB5GWJCFBGC7,MB5GWJCFBGC7,UNIVERSITY OF MASSACHUSETTS GLOBAL,5,13.0,direct,
366711,California State University-San Marcos,CA,18,RASVZWGK4FW3| EKHKFP33NN53,RASVZWGK4FW3,CALIFORNIA STATE UNIVERSITY SAN MARCOS,25,111.5,direct,
367884,Hodges University,FL,20,HP7ND1CMGMD4,HP7ND1CMGMD4,"HODGES UNIVERSITY, INC",4,7.2,direct,
377555,University of Washington-Bothell Campus,WA,18,NFJ3CMQ4B418,NFJ3CMQ4B418,UNIVERSITY OF WASHINGTON,127,409.3,direct,
377564,University of Washington-Tacoma Campus,WA,18,NFJ3CMQ4B418,NFJ3CMQ4B418,UNIVERSITY OF WASHINGTON,127,409.3,direct,
385619,Everglades University,FL,19,DXL9BDMFHGG7,DXL9BDMFHGG7,EVERGLADES COLLEGE INC,3,6.2,direct,
407629,Lake Erie College of Osteopathic Medicine,PA,25,EFW7E1WGUFW1| QYMTYCSHPVC7| MRPUNJVFP225,EFW7E1WGUFW1,"LAKE ERIE COLLEGE OF OSTEOPATHIC MEDICINE, INC",2,5.8,direct,
409698,California State University-Monterey Bay,CA,19,KQU9YT4TD878|  ZCS6S95MGH66,ZCS6S95MGH66,CALIFORNIA STATE UNIVERSITY OF MONTEREY BAY,3,48.4,secondary_uei,
413413,Capella University,MN,17,N55DA57LQRW1,,,0,0.0,no_awards,
414878,Trine University-Regional/Non-Traditional Campuses,IN,18,JMZ5JWM7FDK4,JMZ5JWM7FDK4,"TRINE UNIVERSITY, INC",4,14.2,direct,
420042,University of Phoenix-Hawaii,HI,20,EK36TZEAL385,EK36TZEAL385,"THE UNIVERSITY OF PHOENIX, INC.",3,14.0,direct,
423643,Midwestern University-Glendale,AZ,25,LKMNHBWLC5C8,LKMNHBWLC5C8,MIDWESTERN UNIVERSITY,37,16.9,direct,
430670,San Juan Bautista School of Medicine,PR,25,L31VSV4YDNM4,L31VSV4YDNM4,SAN JUAN BAUTISTA SCHOOL OF MEDICINE,1,6.3,direct,
433387,Western Governors University,UT,18,LLSKS9FXDR63,LLSKS9FXDR63,WESTERN GOVERNORS UNIVERSITY,3,59.5,direct,
433660,Florida Gulf Coast University,FL,18,ENCFSMNC3PT1,ENCFSMNC3PT1,FLORIDA GULF COAST UNIVERSITY,53,107.4,direct,
435000,Louisiana State University Health Sciences Center-Shreveport,LA,25,FA4VKPTJRLY8,FA4VKPTJRLY8,LOUISIANA STATE UNIV HSC SHREVEPORT,94,106.7,direct,
437097,University of Management and Technology,VA,17,MG9UMNADQE55,,,0,0.0,no_awards,
438586,American InterContinental University-Atlanta,GA,19,QLN5NKXNNFL6,QLN5NKXNNFL6,"AMERICAN INTERCONTINENTAL UNIVERSITY SYSTEM, INC.",2,1.2,direct,
440031,Keck Graduate Institute,CA,20,GJLMWYFPMQZ7,GJLMWYFPMQZ7,KECK GRADUATE INSTITUTE OF APPLIED LIFE SCIENCES,16,11.9,direct,
441937,California State University-Channel Islands,CA,19,FGK7C4BSUVK3,FGK7C4BSUVK3,CALIFORNIA STATE UNIVERSITY CHANNEL ISLANDS,36,84.0,direct,
442569,University of Arkansas Grantham,AR,18,YH49DNM6YDZ8,YH49DNM6YDZ8,GRANTHAM UNIVERSITY INC.,1,0.3,direct,
442806,Edward Via College of Osteopathic Medicine,VA,25,,VJ8YGMQXL9F5,EDWARD VIA VIRGINIA COLLEGE OF OSTEOPATHIC MEDICINE,6,4.7,name_match,Keyword match → 'EDWARD VIA VIRGINIA COLLEGE OF OSTEOPATHIC MEDICINE'
443784,Strayer University-Pennsylvania,PA,19,NE3DFYDLVKW5,NE3DFYDLVKW5,"STRAYER UNIVERSITY, LLC",1,8.4,direct,
444130,Northcentral University,CA,17,L361Q3DNFGN4,,,0,0.0,no_awards,
445027,American InterContinental University System,AZ,18,QLN5NKXNNFL6,QLN5NKXNNFL6,"AMERICAN INTERCONTINENTAL UNIVERSITY SYSTEM, INC.",2,1.2,direct,
445188,University of California-Merced,CA,16,FFM7VPAG8P92,FFM7VPAG8P92,"UNIVERSITY OF CALIFORNIA, MERCED",372,340.2,direct,
445267,Central Methodist University-College of Graduate and Extended Studies,MO,20,UCG6EBGY8Y66,UCG6EBGY8Y66,CENTRAL METHODIST UNIVERSITY,3,13.0,direct,
446640,Harrisburg University of Science and Technology,PA,18,QW6TSNVXYKG3,QW6TSNVXYKG3,HARRISBURG UNIVERSITY OF SCIENCE & TECHNOLOGY,9,10.7,direct,
447050,United States University,CA,19,XY68U4KR1JN5,XY68U4KR1JN5,"UNITED STATES UNIVERSITY, INC.",2,0.0,direct,
449038,Strayer University-Florida,FL,18,NE3DFYDLVKW5,NE3DFYDLVKW5,"STRAYER UNIVERSITY, LLC",1,8.4,direct,
449339,American Public University System,WV,18,,FS43G2729JY9,AMERICAN PUBLIC HEALTH ASSOCIATION,4,0.1,name_match,Keyword match → 'AMERICAN PUBLIC HEALTH ASSOCIATION'
450933,Columbia Southern University,AL,17,HN7GJLNMMEW4,,,0,0.0,no_awards,
453163,Strayer University-North Carolina,NC,18,NE3DFYDLVKW5,NE3DFYDLVKW5,"STRAYER UNIVERSITY, LLC",1,8.4,direct,
454829,Aspen University,AZ,18,J1WDM64VT7Q1,J1WDM64VT7Q1,ASPEN UNIVERSITY INC,2,0.0,direct,
455406,Pacific Northwest University of Health Sciences,WA,25,ESGCGXXLUMG7,ESGCGXXLUMG7,PACIFIC NORTHWEST UNIVERSITY OF HEALTH SCIENCES,5,1.6,direct,
456542,Geisinger Commonwealth School of Medicine,PA,25,QTV2C4RJGEF3,QTV2C4RJGEF3,GEISINGER COMMONWEALTH SCHOOL OF MEDICINE,4,1.3,direct,
459268,South University-Virginia Beach,VA,20,JRHKLTDJXRM3,TSSMKRRRZTZ5,SCHOOL BOARD OF THE CITY OF VIRGINIA BEACH,13,91.1,name_match,Keyword match → 'SCHOOL BOARD OF THE CITY OF VIRGINIA BEACH'
459727,Touro University Worldwide,CA,18,CAY4K2RTLBR3,CAY4K2RTLBR3,TOURO UNIVERSITY WORLDWIDE,3,1.3,direct,
459736,Touro University California,CA,25,JF7HR9WJSFJ6,JF7HR9WJSFJ6,TOURO UNIVERSITY OF CALIFORNIA,7,8.0,direct,
459824,Touro University Nevada,NV,25,CQA1K84J6J85,CQA1K84J6J85,TOURO UNIVERSITY OF NEVADA,1,0.3,direct,
459949,Texas A&M University-San Antonio,TX,18,JS4YHZJ695Z3,JS4YHZJ695Z3,Texas A&M University-San Antonio,34,54.8,direct,
461795,North American University,TX,19,CHMNT26QUW74,CHMNT26QUW74,NORTH AMERICAN UNIVERSITY,2,1.3,direct,
474863,Los Angeles Pacific University,CA,20,WGDMLCMUWAN1,WGDMLCMUWAN1,LOS ANGELES PACIFIC UNIVERSITY,2,1.9,direct,
476975,Colorado State University Global,CO,18,H2YCV9SSBXT7,H2YCV9SSBXT7,COLORADO STATE UNIVERSITY - GLOBAL CAMPUS,1,4.0,direct,
479956,Pennsylvania State University-World Campus,PA,18,NPM2J7MSCF61,NPM2J7MSCF61,THE PENNSYLVANIA STATE UNIVERSITY,3086,2895.0,direct,
480569,Florida Institute of Technology-Online,FL,18,WNN6VH618X58,WNN6VH618X58,FLORIDA INSTITUTE OF TECHNOLOGY INC,145,75.9,direct,
480790,Rocky Vista University,CO,25,JGEAX7GYG3J3,JGEAX7GYG3J3,ROCKY VISTA UNIVERSITY LLC,3,0.8,direct,
482149,Augusta University,GA,17,N4WWJC8T2593,N4WWJC8T2593,"AUGUSTA UNIVERSITY RESEARCH INSTITUTE, INC.",58,36.1,direct,
482422,DeVry University-Arizona,AZ,19,MN6JA6YLM213,MN6JA6YLM213,"DEVRY UNIVERSITY, INC.",3,11.2,direct,
482431,DeVry University-California,CA,18,MN6JA6YLM213,MN6JA6YLM213,"DEVRY UNIVERSITY, INC.",3,11.2,direct,
482440,DeVry University-Colorado,CO,20,,RH87YDXC1AY5,University of Colorado at Colorado Springs,84,89.4,name_match,Keyword match → 'University of Colorado at Colorado Springs'
482459,DeVry University-Florida,FL,18,MN6JA6YLM213,MN6JA6YLM213,"DEVRY UNIVERSITY, INC.",3,11.2,direct,
482468,DeVry University-Georgia,GA,18,MN6JA6YLM213,MN6JA6YLM213,"DEVRY UNIVERSITY, INC.",3,11.2,direct,
482477,DeVry University-Illinois,IL,18,MN6JA6YLM213,MN6JA6YLM213,"DEVRY UNIVERSITY, INC.",3,11.2,direct,
482538,DeVry University-Missouri,MO,20,,,,0,0.0,no_awards,
482556,DeVry University-New Jersey,NJ,20,MN6JA6YLM213,MN6JA6YLM213,"DEVRY UNIVERSITY, INC.",3,11.2,direct,
482574,DeVry University-Ohio,OH,19,MN6JA6YLM213,MN6JA6YLM213,"DEVRY UNIVERSITY, INC.",3,11.2,direct,
482680,University of North Georgia,GA,19,GZYPDGXHXDB3,GZYPDGXHXDB3,UNIVERSITY OF NORTH GEORGIA,33,106.9,direct,
482705,Northeastern University Professional Programs,MA,17,HLTMVS2JZBS6,HLTMVS2JZBS6,Northeastern University,1060,891.8,direct,
483036,Texas A&M University-Central Texas,TX,19,UXF9P9AMDBC6,UXF9P9AMDBC6,TEXAS A&M UNIVERSITY-CENTRAL TEXAS,10,12.9,direct,
483124,Arizona State University Digital Immersion,AZ,16,NTLHJXM55KZ6,NTLHJXM55KZ6,Arizona State University,2168,2206.3,direct,
483975,Alabama College of Osteopathic Medicine,AL,25,T13PWBNEU4S8,T13PWBNEU4S8,"ALABAMA COLLEGE OF OSTEOPATHIC MEDICINE, INC THE",4,1.2,direct,
484613,University of Phoenix-Arizona,AZ,17,EK36TZEAL385,EK36TZEAL385,"THE UNIVERSITY OF PHOENIX, INC.",3,14.0,direct,
484631,University of Phoenix-California,CA,18,EK36TZEAL385,EK36TZEAL385,"THE UNIVERSITY OF PHOENIX, INC.",3,14.0,direct,
484710,University of Phoenix-Nevada,NV,20,EK36TZEAL385,EK36TZEAL385,"THE UNIVERSITY OF PHOENIX, INC.",3,14.0,direct,
484905,University of North Texas at Dallas,TX,19,MSJ7NXUWKSM6,GMKZCPHGJUX6,UNIVERSITY OF NORTH TEXAS AT DALLAS,10,28.2,manual,Different SAM.gov entity
486433,Presidio Graduate School,CA,20,VE42VGG6WSQ3,VE42VGG6WSQ3,PRESIDIO GRADUATE SCHOOL,4,0.7,direct,
486840,Kennesaw State University,GA,16,KBYBVDNFHC36,G8DZHNRKWTN3,Kennesaw State University Research and Service Foundation,107,37.6,manual,Awards filed through Kennesaw State Research & Service Foundation
486901,Milligan University,TN,19,SGGDBDWNHAM6,SGGDBDWNHAM6,MILLIGAN UNIVERSITY,2,4.0,direct,
487010,The University of Tennessee Health Science Center,TN,25,X1M1PN3KG3E7,X1M1PN3KG3E7,UNIVERSITY OF TENNESSEE HEALTH SCI CTR,293,382.4,direct,
487524,Husson University,ME,17,LNGUZA1LBEN9,LNGUZA1LBEN9,HUSSON UNIVERSITY,8,18.9,direct,
488679,Indiana Wesleyan University-National & Global,IN,18,L51GEDJK1LG6,L51GEDJK1LG6,INDIANA WESLEYAN UNIVERSITY (MARION COLLEGE),17,41.8,direct,
490373,Western Michigan University Homer Stryker M.D. School of Medicine,MI,25,MSCNWG2ZM1N9,MSCNWG2ZM1N9,WESTERN MICHIGAN UNIV SCHOOL OF MEDICINE,16,11.4,direct,
490805,Purdue University Northwest,IN,18,YRXVL4JYCEF5,YRXVL4JYCEF5,Purdue University,2842,2424.3,direct,
498571,Pennsylvania Western University,PA,18,L7ECKXE86D77,L7ECKXE86D77,PENNSYLVANIA WESTERN UNIVERSITY,27,51.7,direct,
